nUMI,nGene,mito_pct,keep
1.241000000000000000e+03,5.160000000000000000e+02,1.289282836422240175e+00,1.000000000000000000e+00
1.298999999999999545e+03,5.360000000000000000e+02,1.539645881447267772e+00,1.000000000000000000e+00
1.322599999999999227e+03,5.370000000000000000e+02,1.663390291849388358e+00,1.000000000000000000e+00
1.235000000000000000e+03,5.080000000000000000e+02,2.510121457489878694e+00,1.000000000000000000e+00
1.310000000000000000e+03,5.260000000000000000e+02,2.290076335877862412e+00,1.000000000000000000e+00
1.360199999999999363e+03,5.290000000000000000e+02,1.911483605352155113e+00,1.000000000000000000e+00
1.290000000000000000e+03,5.320000000000000000e+02,1.937984496124030898e+00,1.000000000000000000e+00
1.376399999999999181e+03,5.380000000000000000e+02,2.252252252252253673e+00,1.000000000000000000e+00
1.239000000000000000e+03,5.250000000000000000e+02,2.502017756255044301e+00,1.000000000000000000e+00
1.290000000000000000e+03,5.160000000000000000e+02,1.937984496124030898e+00,1.000000000000000000e+00
1.368999999999999318e+03,5.420000000000000000e+02,2.556610664718774295e+00,1.000000000000000000e+00
1.321399999999999409e+03,5.290000000000000000e+02,1.286514303011957683e+00,1.000000000000000000e+00
1.359199999999999818e+03,5.450000000000000000e+02,1.030017657445556400e+00,1.000000000000000000e+00
1.266999999999999545e+03,5.220000000000000000e+02,2.052091554853986644e+00,1.000000000000000000e+00
1.308599999999999682e+03,5.260000000000000000e+02,3.133119364206022439e+00,1.000000000000000000e+00
1.287999999999999318e+03,5.190000000000000000e+02,2.173913043478261642e+00,1.000000000000000000e+00
1.316799999999999955e+03,5.260000000000000000e+02,1.215066828675577248e+00,1.000000000000000000e+00
1.320000000000000000e+03,5.270000000000000000e+02,2.272727272727272929e+00,1.000000000000000000e+00
1.343599999999999454e+03,5.050000000000000000e+02,1.637392080976481701e+00,1.000000000000000000e+00
1.278000000000000000e+03,5.240000000000000000e+02,1.643192488262910977e+00,1.000000000000000000e+00
1.354599999999999227e+03,5.210000000000000000e+02,1.771740735272406386e+00,1.000000000000000000e+00
1.290000000000000000e+03,5.160000000000000000e+02,2.558139534883721034e+00,1.000000000000000000e+00
1.326000000000000000e+03,5.250000000000000000e+02,1.885369532428355921e+00,1.000000000000000000e+00
1.302399999999999409e+03,5.300000000000000000e+02,1.996314496314497200e+00,1.000000000000000000e+00
1.326999999999999545e+03,5.230000000000000000e+02,1.281085154483798449e+00,1.000000000000000000e+00
1.301399999999999864e+03,5.110000000000000000e+02,2.305209774089442387e+00,1.000000000000000000e+00
1.262000000000000000e+03,5.160000000000000000e+02,2.614896988906497466e+00,1.000000000000000000e+00
1.377599999999999454e+03,5.280000000000000000e+02,1.306620209059234039e+00,1.000000000000000000e+00
1.362399999999999181e+03,5.300000000000000000e+02,2.568995889606578320e+00,1.000000000000000000e+00
1.309000000000000000e+03,5.320000000000000000e+02,1.604278074866310355e+00,1.000000000000000000e+00
1.230000000000000000e+03,5.120000000000000000e+02,2.113821138211382067e+00,1.000000000000000000e+00
1.397000000000000000e+03,5.440000000000000000e+02,1.646385110952040209e+00,1.000000000000000000e+00
1.341000000000000000e+03,5.280000000000000000e+02,2.013422818791946067e+00,1.000000000000000000e+00
1.301599999999999454e+03,5.080000000000000000e+02,1.613398893669330869e+00,1.000000000000000000e+00
1.299999999999999545e+03,5.170000000000000000e+02,1.615384615384616085e+00,1.000000000000000000e+00
1.258000000000000000e+03,5.320000000000000000e+02,2.066772655007949044e+00,1.000000000000000000e+00
1.335999999999999318e+03,5.260000000000000000e+02,2.320359281437127219e+00,1.000000000000000000e+00
1.361199999999999818e+03,5.250000000000000000e+02,1.836614751689685798e+00,1.000000000000000000e+00
1.259000000000000000e+03,5.220000000000000000e+02,2.223987291501191343e+00,1.000000000000000000e+00
1.390999999999999091e+03,5.290000000000000000e+02,2.012940330697341462e+00,1.000000000000000000e+00
1.271000000000000000e+03,5.260000000000000000e+02,2.045633359559402287e+00,1.000000000000000000e+00
1.347599999999999454e+03,5.200000000000000000e+02,2.003561887800535235e+00,1.000000000000000000e+00
1.391799999999999272e+03,5.350000000000000000e+02,1.868084494898693215e+00,1.000000000000000000e+00
1.319000000000000000e+03,5.440000000000000000e+02,2.122820318423047858e+00,1.000000000000000000e+00
1.280000000000000000e+03,5.280000000000000000e+02,2.812500000000000000e+00,1.000000000000000000e+00
1.299999999999999773e+03,5.150000000000000000e+02,2.076923076923077094e+00,1.000000000000000000e+00
1.278000000000000000e+03,5.190000000000000000e+02,1.956181533646322412e+00,1.000000000000000000e+00
1.333799999999999727e+03,5.250000000000000000e+02,1.799370220422852329e+00,1.000000000000000000e+00
1.351399999999999409e+03,5.290000000000000000e+02,1.997928074589315761e+00,1.000000000000000000e+00
1.280799999999999727e+03,5.320000000000000000e+02,1.717676452217364425e+00,1.000000000000000000e+00
1.326399999999999864e+03,5.310000000000000000e+02,1.734016887816646646e+00,1.000000000000000000e+00
1.244000000000000000e+03,5.170000000000000000e+02,1.929260450160771967e+00,1.000000000000000000e+00
1.285000000000000000e+03,5.240000000000000000e+02,2.101167315175097361e+00,1.000000000000000000e+00
1.260000000000000000e+03,5.300000000000000000e+02,2.142857142857142794e+00,1.000000000000000000e+00
1.229000000000000000e+03,5.290000000000000000e+02,1.545972335231895922e+00,1.000000000000000000e+00
1.223000000000000000e+03,5.290000000000000000e+02,2.289452166802943278e+00,1.000000000000000000e+00
1.301799999999999272e+03,5.270000000000000000e+02,1.843601167614073999e+00,1.000000000000000000e+00
1.243000000000000000e+03,5.180000000000000000e+02,2.011263073209975882e+00,1.000000000000000000e+00
1.331599999999998772e+03,5.250000000000000000e+02,1.652147792129770032e+00,1.000000000000000000e+00
1.274199999999999591e+03,5.070000000000000000e+02,2.040495997488620983e+00,1.000000000000000000e+00
1.306599999999999682e+03,5.140000000000000000e+02,1.454155824276749165e+00,1.000000000000000000e+00
1.271200000000000045e+03,5.230000000000000000e+02,1.966645689112649364e+00,1.000000000000000000e+00
1.233000000000000000e+03,5.080000000000000000e+02,1.216545012165450190e+00,1.000000000000000000e+00
1.357199999999999591e+03,5.270000000000000000e+02,1.399941055113469446e+00,1.000000000000000000e+00
1.236000000000000000e+03,5.240000000000000000e+02,2.669902912621358926e+00,1.000000000000000000e+00
1.225000000000000000e+03,5.100000000000000000e+02,2.040816326530612290e+00,1.000000000000000000e+00
1.320199999999999363e+03,5.230000000000000000e+02,1.893652476897440762e+00,1.000000000000000000e+00
1.262000000000000000e+03,5.340000000000000000e+02,1.822503961965134645e+00,1.000000000000000000e+00
1.294000000000000000e+03,5.400000000000000000e+02,1.931993817619783504e+00,1.000000000000000000e+00
1.290000000000000000e+03,5.290000000000000000e+02,2.015503875968992276e+00,1.000000000000000000e+00
1.301799999999999500e+03,5.130000000000000000e+02,1.689967736979567592e+00,1.000000000000000000e+00
1.293000000000000000e+03,5.290000000000000000e+02,2.861562258313998353e+00,1.000000000000000000e+00
1.247000000000000000e+03,5.360000000000000000e+02,2.325581395348837344e+00,1.000000000000000000e+00
1.327000000000000000e+03,5.330000000000000000e+02,1.883948756593820884e+00,1.000000000000000000e+00
1.352599999999999454e+03,5.310000000000000000e+02,1.848292178027503452e+00,1.000000000000000000e+00
1.243000000000000000e+03,5.230000000000000000e+02,1.689460981496379688e+00,1.000000000000000000e+00
1.304000000000000000e+03,5.360000000000000000e+02,1.533742331288343586e+00,1.000000000000000000e+00
1.279000000000000000e+03,5.320000000000000000e+02,2.345582486317435489e+00,1.000000000000000000e+00
1.318399999999999409e+03,5.220000000000000000e+02,1.592839805825243316e+00,1.000000000000000000e+00
1.296199999999999591e+03,5.000000000000000000e+02,2.160160469063416855e+00,1.000000000000000000e+00
1.337800000000000182e+03,5.380000000000000000e+02,1.719240544177006891e+00,1.000000000000000000e+00
1.314000000000000000e+03,5.350000000000000000e+02,2.359208523592084994e+00,1.000000000000000000e+00
1.283000000000000000e+03,5.290000000000000000e+02,1.247077162899454361e+00,1.000000000000000000e+00
1.313999999999999318e+03,5.150000000000000000e+02,2.130898021308981427e+00,1.000000000000000000e+00
1.337599999999999909e+03,5.290000000000000000e+02,1.420454545454545636e+00,1.000000000000000000e+00
1.306999999999999545e+03,5.180000000000000000e+02,1.836266258607498925e+00,1.000000000000000000e+00
1.294000000000000000e+03,5.270000000000000000e+02,1.468315301391035499e+00,1.000000000000000000e+00
1.328000000000000000e+03,5.270000000000000000e+02,1.731927710843373491e+00,1.000000000000000000e+00
1.343999999999999545e+03,5.280000000000000000e+02,2.232142857142858094e+00,1.000000000000000000e+00
1.326600000000000136e+03,5.300000000000000000e+02,1.582994120307552821e+00,1.000000000000000000e+00
1.343000000000000000e+03,5.190000000000000000e+02,2.531645569620253333e+00,1.000000000000000000e+00
1.273799999999999727e+03,5.160000000000000000e+02,1.570105197048202506e+00,1.000000000000000000e+00
1.295599999999999682e+03,5.210000000000000000e+02,1.852423587527014748e+00,1.000000000000000000e+00
1.291000000000000000e+03,5.380000000000000000e+02,1.781564678543764657e+00,1.000000000000000000e+00
1.345199999999999136e+03,5.220000000000000000e+02,2.527505203687185453e+00,1.000000000000000000e+00
1.226000000000000000e+03,5.140000000000000000e+02,2.039151712887438794e+00,1.000000000000000000e+00
1.294000000000000000e+03,5.240000000000000000e+02,1.700154559505409502e+00,1.000000000000000000e+00
1.263199999999999591e+03,5.160000000000000000e+02,1.424952501583280906e+00,1.000000000000000000e+00
1.374999999999999318e+03,5.420000000000000000e+02,1.818181818181819231e+00,1.000000000000000000e+00
1.246000000000000000e+03,5.270000000000000000e+02,1.926163723916532788e+00,1.000000000000000000e+00
1.312599999999999909e+03,5.140000000000000000e+02,1.066585403016913070e+00,1.000000000000000000e+00
1.240000000000000000e+03,5.140000000000000000e+02,1.935483870967741993e+00,1.000000000000000000e+00
1.346799999999999727e+03,5.160000000000000000e+02,2.301752301752302277e+00,1.000000000000000000e+00
1.285000000000000000e+03,5.260000000000000000e+02,2.334630350194552673e+00,1.000000000000000000e+00
1.327199999999999818e+03,5.250000000000000000e+02,2.185051235684147386e+00,1.000000000000000000e+00
1.431599999999999454e+03,5.380000000000000000e+02,1.746297848561050969e+00,1.000000000000000000e+00
1.338400000000000091e+03,5.310000000000000000e+02,1.419605499103407054e+00,1.000000000000000000e+00
1.288599999999999909e+03,5.050000000000000000e+02,1.629675616948626393e+00,1.000000000000000000e+00
1.277000000000000000e+03,5.370000000000000000e+02,2.584181675802662337e+00,1.000000000000000000e+00
1.313999999999999318e+03,5.050000000000000000e+02,1.445966514459665841e+00,1.000000000000000000e+00
1.297000000000000000e+03,5.330000000000000000e+02,2.313030069390901833e+00,1.000000000000000000e+00
1.280199999999999818e+03,5.230000000000000000e+02,1.874707077019216017e+00,1.000000000000000000e+00
1.241599999999999909e+03,5.250000000000000000e+02,2.013530927835051720e+00,1.000000000000000000e+00
1.336000000000000000e+03,5.330000000000000000e+02,1.497005988023952128e+00,1.000000000000000000e+00
1.304399999999999636e+03,5.150000000000000000e+02,1.763262802821221165e+00,1.000000000000000000e+00
1.249799999999999272e+03,5.190000000000000000e+02,1.360217634821572208e+00,1.000000000000000000e+00
1.278000000000000000e+03,5.160000000000000000e+02,2.425665101721439676e+00,1.000000000000000000e+00
1.263000000000000000e+03,5.140000000000000000e+02,1.741884402216943961e+00,1.000000000000000000e+00
1.276000000000000000e+03,5.240000000000000000e+02,2.429467084639498342e+00,1.000000000000000000e+00
1.287000000000000000e+03,5.430000000000000000e+02,1.942501942501942302e+00,1.000000000000000000e+00
1.245000000000000000e+03,5.180000000000000000e+02,1.767068273092369246e+00,1.000000000000000000e+00
1.401599999999999227e+03,5.370000000000000000e+02,1.498287671232877427e+00,1.000000000000000000e+00
1.328599999999999227e+03,5.070000000000000000e+02,2.032214360981485779e+00,1.000000000000000000e+00
1.221000000000000000e+03,5.210000000000000000e+02,2.047502047502047340e+00,1.000000000000000000e+00
1.321799999999999727e+03,5.280000000000000000e+02,2.118323498259949034e+00,1.000000000000000000e+00
1.355999999999999545e+03,5.040000000000000000e+02,1.548672566371681825e+00,1.000000000000000000e+00
1.232000000000000000e+03,5.130000000000000000e+02,2.191558441558441483e+00,1.000000000000000000e+00
1.316799999999999272e+03,5.320000000000000000e+02,1.822600243013366539e+00,1.000000000000000000e+00
1.411399999999999636e+03,5.290000000000000000e+02,2.054697463511407474e+00,1.000000000000000000e+00
1.290399999999999409e+03,5.290000000000000000e+02,2.014879107253565671e+00,1.000000000000000000e+00
1.273599999999999909e+03,5.070000000000000000e+02,1.884422110552764096e+00,1.000000000000000000e+00
1.296199999999999591e+03,5.240000000000000000e+02,2.237309057244253108e+00,1.000000000000000000e+00
1.246000000000000000e+03,5.210000000000000000e+02,1.524879614767255198e+00,1.000000000000000000e+00
1.309200000000000045e+03,5.390000000000000000e+02,2.367858234036052334e+00,1.000000000000000000e+00
1.283199999999999591e+03,5.290000000000000000e+02,1.870324189526185066e+00,1.000000000000000000e+00
1.227000000000000000e+03,5.130000000000000000e+02,1.466992665036674914e+00,1.000000000000000000e+00
1.327399999999999409e+03,5.320000000000000000e+02,1.732710562000904675e+00,1.000000000000000000e+00
1.210000000000000000e+03,5.040000000000000000e+02,2.231404958677686068e+00,1.000000000000000000e+00
1.263000000000000000e+03,5.170000000000000000e+02,2.058590657165479065e+00,1.000000000000000000e+00
1.321000000000000000e+03,5.190000000000000000e+02,1.514004542013626109e+00,1.000000000000000000e+00
1.252799999999999727e+03,5.110000000000000000e+02,2.075351213282248253e+00,1.000000000000000000e+00
1.226000000000000000e+03,5.220000000000000000e+02,1.794453507340945997e+00,1.000000000000000000e+00
1.266000000000000000e+03,5.310000000000000000e+02,1.895734597156398138e+00,1.000000000000000000e+00
1.258000000000000000e+03,5.300000000000000000e+02,2.146263910969793187e+00,1.000000000000000000e+00
1.365199999999999591e+03,5.410000000000000000e+02,2.050981541166129851e+00,1.000000000000000000e+00
1.307599999999999454e+03,5.260000000000000000e+02,2.370755582747018586e+00,1.000000000000000000e+00
1.362000000000000000e+03,5.400000000000000000e+02,2.129221732745961937e+00,1.000000000000000000e+00
1.260000000000000000e+03,5.050000000000000000e+02,1.746031746031746046e+00,1.000000000000000000e+00
1.304399999999999864e+03,5.060000000000000000e+02,2.606562404170500002e+00,1.000000000000000000e+00
1.321000000000000000e+03,5.400000000000000000e+02,1.514004542013626109e+00,1.000000000000000000e+00
1.338599999999999227e+03,5.300000000000000000e+02,2.315852383086808075e+00,1.000000000000000000e+00
1.324000000000000000e+03,5.410000000000000000e+02,1.435045317220543737e+00,1.000000000000000000e+00
1.359200000000000045e+03,5.380000000000000000e+02,1.839317245438493176e+00,1.000000000000000000e+00
1.293000000000000000e+03,5.190000000000000000e+02,1.624129930394431431e+00,1.000000000000000000e+00
1.223000000000000000e+03,5.200000000000000000e+02,2.207686017988552685e+00,1.000000000000000000e+00
1.343599999999999000e+03,5.360000000000000000e+02,1.711818993748140727e+00,1.000000000000000000e+00
1.278000000000000000e+03,5.230000000000000000e+02,2.269170579029734292e+00,1.000000000000000000e+00
1.268999999999999545e+03,5.110000000000000000e+02,2.206461780929867000e+00,1.000000000000000000e+00
1.283199999999999591e+03,5.090000000000000000e+02,1.792394014962593873e+00,1.000000000000000000e+00
1.327399999999999409e+03,5.230000000000000000e+02,2.034051529305410000e+00,1.000000000000000000e+00
1.311599999999999000e+03,5.350000000000000000e+02,2.668496492833182909e+00,1.000000000000000000e+00
1.291999999999999545e+03,5.340000000000000000e+02,1.857585139318886025e+00,1.000000000000000000e+00
1.277000000000000000e+03,5.060000000000000000e+02,1.801096319498825205e+00,1.000000000000000000e+00
1.258000000000000000e+03,5.250000000000000000e+02,2.066772655007949044e+00,1.000000000000000000e+00
1.263000000000000000e+03,5.230000000000000000e+02,1.583531274742675965e+00,1.000000000000000000e+00
1.343200000000000273e+03,5.220000000000000000e+02,1.637879690291839996e+00,1.000000000000000000e+00
1.233000000000000000e+03,5.260000000000000000e+02,3.244120032441200063e+00,1.000000000000000000e+00
1.245000000000000000e+03,5.140000000000000000e+02,2.570281124497991954e+00,1.000000000000000000e+00
1.206000000000000000e+03,5.100000000000000000e+02,1.907131011608623528e+00,1.000000000000000000e+00
1.162000000000000000e+03,5.050000000000000000e+02,2.495697074010327032e+00,1.000000000000000000e+00
1.226000000000000000e+03,5.240000000000000000e+02,2.202283849918433845e+00,1.000000000000000000e+00
1.349000000000000000e+03,5.380000000000000000e+02,1.704966641957005091e+00,1.000000000000000000e+00
1.361799999999999727e+03,5.410000000000000000e+02,1.835805551475987896e+00,1.000000000000000000e+00
1.341599999999999682e+03,5.050000000000000000e+02,1.714370900417412358e+00,1.000000000000000000e+00
1.358200000000000045e+03,5.280000000000000000e+02,1.767044617876601276e+00,1.000000000000000000e+00
1.239000000000000000e+03,5.220000000000000000e+02,2.421307506053268721e+00,1.000000000000000000e+00
1.307399999999999636e+03,5.160000000000000000e+02,1.529753709652746263e+00,1.000000000000000000e+00
1.314000000000000000e+03,5.360000000000000000e+02,1.674277016742770074e+00,1.000000000000000000e+00
1.293199999999999591e+03,5.320000000000000000e+02,1.082585833591092062e+00,1.000000000000000000e+00
1.291399999999999409e+03,5.370000000000000000e+02,1.393836146817408084e+00,1.000000000000000000e+00
1.391999999999999545e+03,5.220000000000000000e+02,1.939655172413793816e+00,1.000000000000000000e+00
1.222000000000000000e+03,5.110000000000000000e+02,1.391162029459901861e+00,1.000000000000000000e+00
1.305000000000000000e+03,5.340000000000000000e+02,1.609195402298850608e+00,1.000000000000000000e+00
1.353799999999999500e+03,5.260000000000000000e+02,2.659181563007830817e+00,1.000000000000000000e+00
1.289000000000000000e+03,5.200000000000000000e+02,1.939487975174553736e+00,1.000000000000000000e+00
1.197000000000000000e+03,5.330000000000000000e+02,2.840434419381787645e+00,1.000000000000000000e+00
1.295000000000000000e+03,5.150000000000000000e+02,1.930501930501930419e+00,1.000000000000000000e+00
1.329000000000000000e+03,5.500000000000000000e+02,1.956358164033107583e+00,1.000000000000000000e+00
1.246000000000000000e+03,5.290000000000000000e+02,2.006420545746388395e+00,1.000000000000000000e+00
1.270000000000000000e+03,5.210000000000000000e+02,1.889763779527559029e+00,1.000000000000000000e+00
1.322599999999999227e+03,5.020000000000000000e+02,2.041433539996976965e+00,1.000000000000000000e+00
1.328399999999999636e+03,5.140000000000000000e+02,2.408912978018669548e+00,1.000000000000000000e+00
1.337399999999999864e+03,5.330000000000000000e+02,2.542246149244803632e+00,1.000000000000000000e+00
1.240000000000000000e+03,5.110000000000000000e+02,2.177419354838709520e+00,1.000000000000000000e+00
1.354199999999999591e+03,5.400000000000000000e+02,1.403042386648944539e+00,1.000000000000000000e+00
1.351000000000000000e+03,5.400000000000000000e+02,1.924500370096225099e+00,1.000000000000000000e+00
1.268000000000000000e+03,5.230000000000000000e+02,2.050473186119873947e+00,1.000000000000000000e+00
1.323000000000000000e+03,5.310000000000000000e+02,1.436130007558579003e+00,1.000000000000000000e+00
1.244000000000000000e+03,5.450000000000000000e+02,1.205787781350482257e+00,1.000000000000000000e+00
1.254000000000000227e+03,5.190000000000000000e+02,1.754385964912280160e+00,1.000000000000000000e+00
1.265000000000000000e+03,5.450000000000000000e+02,2.924901185770750978e+00,1.000000000000000000e+00
1.340999999999999318e+03,5.210000000000000000e+02,1.789709172259508874e+00,1.000000000000000000e+00
1.302000000000000000e+03,5.420000000000000000e+02,1.766513056835637308e+00,1.000000000000000000e+00
1.337199999999999591e+03,5.340000000000000000e+02,2.318276996709542903e+00,1.000000000000000000e+00
1.292000000000000000e+03,5.170000000000000000e+02,2.244582043343652966e+00,1.000000000000000000e+00
1.224000000000000000e+03,5.230000000000000000e+02,1.715686274509804043e+00,1.000000000000000000e+00
1.377599999999999909e+03,5.320000000000000000e+02,2.032520325203252209e+00,1.000000000000000000e+00
1.315000000000000000e+03,5.240000000000000000e+02,1.825095057034220591e+00,1.000000000000000000e+00
1.223000000000000000e+03,5.230000000000000000e+02,1.635322976287816754e+00,1.000000000000000000e+00
1.270799999999999272e+03,5.080000000000000000e+02,1.416430594900850659e+00,1.000000000000000000e+00
1.243000000000000000e+03,5.290000000000000000e+02,2.172164119066773758e+00,1.000000000000000000e+00
1.354599999999999454e+03,5.300000000000000000e+02,1.476450612727004952e+00,1.000000000000000000e+00
1.316599999999999682e+03,5.260000000000000000e+02,1.670970682059851331e+00,1.000000000000000000e+00
1.248000000000000000e+03,5.110000000000000000e+02,1.842948717948718063e+00,1.000000000000000000e+00
1.318599999999999000e+03,5.420000000000000000e+02,2.123464280297286511e+00,1.000000000000000000e+00
1.274000000000000000e+03,4.980000000000000000e+02,2.197802197802197988e+00,1.000000000000000000e+00
1.253000000000000000e+03,5.180000000000000000e+02,2.314445331205107870e+00,1.000000000000000000e+00
1.289000000000000000e+03,5.270000000000000000e+02,1.551590380139643122e+00,1.000000000000000000e+00
1.260000000000000000e+03,5.380000000000000000e+02,2.380952380952380931e+00,1.000000000000000000e+00
1.289999999999999545e+03,5.140000000000000000e+02,1.782945736434109252e+00,1.000000000000000000e+00
1.272000000000000000e+03,5.210000000000000000e+02,2.515723270440251902e+00,1.000000000000000000e+00
1.290000000000000000e+03,5.300000000000000000e+02,2.945736434108527035e+00,1.000000000000000000e+00
1.325599999999999682e+03,5.220000000000000000e+02,1.961375980687990905e+00,1.000000000000000000e+00
1.264000000000000000e+03,5.400000000000000000e+02,2.294303797468354666e+00,1.000000000000000000e+00
1.283999999999999545e+03,5.340000000000000000e+02,2.570093457943926296e+00,1.000000000000000000e+00
1.233000000000000000e+03,5.210000000000000000e+02,2.351987023519870323e+00,1.000000000000000000e+00
1.301399999999999636e+03,5.240000000000000000e+02,1.997848470877517268e+00,1.000000000000000000e+00
1.385999999999999545e+03,5.310000000000000000e+02,2.092352092352093074e+00,1.000000000000000000e+00
1.311599999999999682e+03,5.070000000000000000e+02,1.829826166514181729e+00,1.000000000000000000e+00
1.343000000000000000e+03,5.220000000000000000e+02,2.606105733432613647e+00,1.000000000000000000e+00
1.263000000000000000e+03,5.260000000000000000e+02,1.583531274742675965e+00,1.000000000000000000e+00
1.346399999999999636e+03,5.160000000000000000e+02,1.485442661913250584e+00,1.000000000000000000e+00
1.227000000000000000e+03,5.280000000000000000e+02,2.200488997555012372e+00,1.000000000000000000e+00
1.315399999999999636e+03,5.000000000000000000e+02,2.052607571841265521e+00,1.000000000000000000e+00
1.301000000000000000e+03,5.080000000000000000e+02,2.536510376633358987e+00,1.000000000000000000e+00
1.274599999999999454e+03,5.180000000000000000e+02,2.118311627177154488e+00,1.000000000000000000e+00
1.408399999999999636e+03,5.210000000000000000e+02,1.420051121840386621e+00,1.000000000000000000e+00
1.270000000000000000e+03,5.130000000000000000e+02,2.125984251968503713e+00,1.000000000000000000e+00
1.286000000000000000e+03,5.310000000000000000e+02,2.410575427682736915e+00,1.000000000000000000e+00
1.292799999999999727e+03,5.200000000000000000e+02,1.856435643564356752e+00,1.000000000000000000e+00
1.267000000000000000e+03,5.220000000000000000e+02,1.657458563535911589e+00,1.000000000000000000e+00
1.283799999999999500e+03,5.310000000000000000e+02,2.414706340551488584e+00,1.000000000000000000e+00
1.296000000000000000e+03,5.320000000000000000e+02,2.391975308641975051e+00,1.000000000000000000e+00
1.288199999999999818e+03,5.210000000000000000e+02,2.095947834187238623e+00,1.000000000000000000e+00
1.250399999999999636e+03,5.200000000000000000e+02,2.319257837492003205e+00,1.000000000000000000e+00
1.298000000000000000e+03,5.320000000000000000e+02,2.311248073959938143e+00,1.000000000000000000e+00
1.291199999999999591e+03,5.220000000000000000e+02,1.781288723667906471e+00,1.000000000000000000e+00
1.287000000000000000e+03,5.190000000000000000e+02,1.864801864801864717e+00,1.000000000000000000e+00
1.274799999999999500e+03,5.310000000000000000e+02,1.804204581110763206e+00,1.000000000000000000e+00
1.301000000000000000e+03,5.250000000000000000e+02,1.998462720983858576e+00,1.000000000000000000e+00
1.302000000000000000e+03,5.380000000000000000e+02,1.459293394777265718e+00,1.000000000000000000e+00
1.314000000000000000e+03,5.450000000000000000e+02,2.663622526636225007e+00,1.000000000000000000e+00
1.266000000000000000e+03,5.250000000000000000e+02,1.500789889415481859e+00,1.000000000000000000e+00
1.282000000000000000e+03,5.010000000000000000e+02,1.794071762870514952e+00,1.000000000000000000e+00
1.302799999999999045e+03,5.310000000000000000e+02,1.995701565858153170e+00,1.000000000000000000e+00
1.198000000000000000e+03,5.120000000000000000e+02,2.754590984974958356e+00,1.000000000000000000e+00
1.360199999999999363e+03,5.330000000000000000e+02,2.058520805763859318e+00,1.000000000000000000e+00
1.268000000000000000e+03,5.160000000000000000e+02,1.813880126182965569e+00,1.000000000000000000e+00
1.191000000000000000e+03,5.260000000000000000e+02,1.847187237615449229e+00,1.000000000000000000e+00
1.352399999999999181e+03,5.200000000000000000e+02,1.478852410529430061e+00,1.000000000000000000e+00
1.275399999999999181e+03,5.170000000000000000e+02,1.646542261251373152e+00,1.000000000000000000e+00
1.250000000000000000e+03,5.240000000000000000e+02,1.760000000000000009e+00,1.000000000000000000e+00
1.252000000000000000e+03,5.190000000000000000e+02,2.316293929712459843e+00,1.000000000000000000e+00
1.300399999999999636e+03,5.170000000000000000e+02,1.384189480159951025e+00,1.000000000000000000e+00
1.314199999999999591e+03,5.160000000000000000e+02,1.902297975954954090e+00,1.000000000000000000e+00
1.390999999999999545e+03,5.370000000000000000e+02,2.444284687275342094e+00,1.000000000000000000e+00
1.304000000000000000e+03,5.200000000000000000e+02,2.530674846625766694e+00,1.000000000000000000e+00
1.268000000000000000e+03,5.320000000000000000e+02,2.523659305993690705e+00,1.000000000000000000e+00
1.333799999999999500e+03,5.350000000000000000e+02,2.399160293897137031e+00,1.000000000000000000e+00
1.323799999999999727e+03,5.250000000000000000e+02,1.964042906783502351e+00,1.000000000000000000e+00
1.259000000000000000e+03,5.160000000000000000e+02,2.382843526608419360e+00,1.000000000000000000e+00
1.275000000000000000e+03,5.400000000000000000e+02,2.352941176470588314e+00,1.000000000000000000e+00
1.262000000000000000e+03,5.210000000000000000e+02,1.980982567353407164e+00,1.000000000000000000e+00
1.280400000000000318e+03,5.140000000000000000e+02,2.186816619806309703e+00,1.000000000000000000e+00
1.296000000000000000e+03,5.140000000000000000e+02,1.620370370370370239e+00,1.000000000000000000e+00
1.241000000000000000e+03,4.940000000000000000e+02,1.853344077356970265e+00,1.000000000000000000e+00
1.242000000000000000e+03,5.160000000000000000e+02,1.851851851851851638e+00,1.000000000000000000e+00
1.343999999999999773e+03,5.290000000000000000e+02,2.157738095238095344e+00,1.000000000000000000e+00
1.238000000000000000e+03,5.260000000000000000e+02,1.615508885298869046e+00,1.000000000000000000e+00
1.301000000000000000e+03,5.390000000000000000e+02,1.537279016141429588e+00,1.000000000000000000e+00
1.238000000000000000e+03,5.260000000000000000e+02,2.261712439418416487e+00,1.000000000000000000e+00
1.297000000000000000e+03,5.230000000000000000e+02,1.850424055512721599e+00,1.000000000000000000e+00
1.327599999999999227e+03,5.270000000000000000e+02,1.657125640253089394e+00,1.000000000000000000e+00
1.249000000000000000e+03,5.200000000000000000e+02,1.921537229783826906e+00,1.000000000000000000e+00
1.202000000000000000e+03,5.230000000000000000e+02,1.414309484193011501e+00,1.000000000000000000e+00
1.323200000000000045e+03,5.360000000000000000e+02,2.267230955259975644e+00,1.000000000000000000e+00
1.269000000000000000e+03,5.200000000000000000e+02,1.891252955082742382e+00,1.000000000000000000e+00
1.340599999999999454e+03,5.340000000000000000e+02,1.715649709085484753e+00,1.000000000000000000e+00
1.338199999999999818e+03,5.230000000000000000e+02,1.569272156628306991e+00,1.000000000000000000e+00
1.155000000000000000e+03,5.130000000000000000e+02,1.904761904761904878e+00,1.000000000000000000e+00
1.314399999999999864e+03,5.290000000000000000e+02,1.445526475958612389e+00,1.000000000000000000e+00
1.267000000000000000e+03,5.080000000000000000e+02,1.973164956590371055e+00,1.000000000000000000e+00
1.309599999999999682e+03,5.180000000000000000e+02,1.908979841172877778e+00,1.000000000000000000e+00
1.242000000000000000e+03,5.100000000000000000e+02,2.093397745571658586e+00,1.000000000000000000e+00
1.272199999999999818e+03,5.080000000000000000e+02,2.043703820154064044e+00,1.000000000000000000e+00
1.315999999999999318e+03,5.280000000000000000e+02,1.975683890577508484e+00,1.000000000000000000e+00
1.422799999999999272e+03,5.340000000000000000e+02,2.459938150126512291e+00,1.000000000000000000e+00
1.297000000000000000e+03,5.280000000000000000e+02,1.850424055512721599e+00,1.000000000000000000e+00
1.213000000000000000e+03,5.090000000000000000e+02,1.731244847485572835e+00,1.000000000000000000e+00
1.347000000000000000e+03,5.500000000000000000e+02,2.895322939866369794e+00,1.000000000000000000e+00
1.310000000000000000e+03,5.410000000000000000e+02,2.213740458015267087e+00,1.000000000000000000e+00
1.364999999999999545e+03,5.280000000000000000e+02,2.710622710622711207e+00,1.000000000000000000e+00
1.199000000000000000e+03,4.910000000000000000e+02,2.168473728106755871e+00,1.000000000000000000e+00
1.319399999999999181e+03,5.220000000000000000e+02,2.576928907078976927e+00,1.000000000000000000e+00
1.346599999999999454e+03,5.230000000000000000e+02,1.930788652903610014e+00,1.000000000000000000e+00
1.364000000000000000e+03,5.450000000000000000e+02,1.246334310850439886e+00,1.000000000000000000e+00
1.248000000000000000e+03,5.220000000000000000e+02,1.762820512820512775e+00,1.000000000000000000e+00
1.308400000000000091e+03,5.150000000000000000e+02,2.063589116478141250e+00,1.000000000000000000e+00
1.252000000000000000e+03,5.110000000000000000e+02,1.837060702875399354e+00,1.000000000000000000e+00
1.302000000000000000e+03,5.280000000000000000e+02,1.920122887864823547e+00,1.000000000000000000e+00
1.339799999999999272e+03,5.190000000000000000e+02,1.940588147484700210e+00,1.000000000000000000e+00
1.330799999999999500e+03,5.280000000000000000e+02,1.728283739104298888e+00,1.000000000000000000e+00
1.204000000000000000e+03,5.230000000000000000e+02,1.744186046511627897e+00,1.000000000000000000e+00
1.233000000000000000e+03,5.320000000000000000e+02,2.595296025952960495e+00,1.000000000000000000e+00
1.264000000000000000e+03,5.420000000000000000e+02,2.215189873417721333e+00,1.000000000000000000e+00
1.300199999999999136e+03,5.100000000000000000e+02,2.230426088294110265e+00,1.000000000000000000e+00
1.228999999999999545e+03,5.250000000000000000e+02,2.359641985353947202e+00,1.000000000000000000e+00
1.261399999999999409e+03,5.020000000000000000e+02,1.426985888695101456e+00,1.000000000000000000e+00
1.347200000000000273e+03,5.390000000000000000e+02,2.004156769596199261e+00,1.000000000000000000e+00
1.354399999999999409e+03,5.370000000000000000e+02,1.550502067336090528e+00,1.000000000000000000e+00
1.274000000000000000e+03,5.300000000000000000e+02,1.805337519623233966e+00,1.000000000000000000e+00
1.304000000000000000e+03,5.340000000000000000e+02,2.223926380368097977e+00,1.000000000000000000e+00
1.351799999999999272e+03,5.180000000000000000e+02,1.183607042461903402e+00,1.000000000000000000e+00
1.331399999999999864e+03,4.940000000000000000e+02,1.802613789995493709e+00,1.000000000000000000e+00
1.416599999999999227e+03,5.360000000000000000e+02,2.541296060991106831e+00,1.000000000000000000e+00
1.285000000000000000e+03,5.450000000000000000e+02,1.867704280155642049e+00,1.000000000000000000e+00
1.301000000000000000e+03,5.280000000000000000e+02,2.305918524212144494e+00,1.000000000000000000e+00
1.275000000000000000e+03,5.420000000000000000e+02,1.725490196078431238e+00,1.000000000000000000e+00
1.195000000000000000e+03,5.070000000000000000e+02,1.924686192468619161e+00,1.000000000000000000e+00
1.277400000000000091e+03,5.140000000000000000e+02,1.174260216063879758e+00,1.000000000000000000e+00
1.347799999999999727e+03,5.330000000000000000e+02,2.893604392343078313e+00,1.000000000000000000e+00
1.321000000000000000e+03,5.140000000000000000e+02,2.119606358819076330e+00,1.000000000000000000e+00
1.311000000000000000e+03,5.400000000000000000e+02,2.364607170099160882e+00,1.000000000000000000e+00
1.386399999999999409e+03,5.240000000000000000e+02,1.154068090017311699e+00,1.000000000000000000e+00
1.239000000000000000e+03,5.290000000000000000e+02,2.179176755447941538e+00,1.000000000000000000e+00
1.377599999999999454e+03,5.220000000000000000e+02,2.177700348432056732e+00,1.000000000000000000e+00
1.304600000000000136e+03,5.180000000000000000e+02,2.146251724666564442e+00,1.000000000000000000e+00
1.222000000000000000e+03,5.330000000000000000e+02,1.554828150572831413e+00,1.000000000000000000e+00
1.286000000000000000e+03,5.260000000000000000e+02,2.332814930015552068e+00,1.000000000000000000e+00
1.327199999999999591e+03,5.220000000000000000e+02,2.109704641350211407e+00,1.000000000000000000e+00
1.344399999999999636e+03,5.270000000000000000e+02,1.562035108598631705e+00,1.000000000000000000e+00
1.342000000000000000e+03,5.500000000000000000e+02,2.011922503725782185e+00,1.000000000000000000e+00
1.372399999999999409e+03,5.350000000000000000e+02,8.743806470416791710e-01,1.000000000000000000e+00
1.386399999999999636e+03,5.320000000000000000e+02,1.442585112521639124e+00,1.000000000000000000e+00
1.344399999999999636e+03,5.390000000000000000e+02,2.529009223445403798e+00,1.000000000000000000e+00
1.242000000000000000e+03,5.270000000000000000e+02,1.851851851851851638e+00,1.000000000000000000e+00
1.395999999999999545e+03,5.420000000000000000e+02,1.432664756446991872e+00,1.000000000000000000e+00
1.307799999999999955e+03,5.200000000000000000e+02,1.682214405872457519e+00,1.000000000000000000e+00
1.234000000000000000e+03,5.230000000000000000e+02,2.188006482982172152e+00,1.000000000000000000e+00
1.238000000000000000e+03,5.280000000000000000e+02,1.857835218093699448e+00,1.000000000000000000e+00
1.270199999999999591e+03,5.140000000000000000e+02,1.810738466383247314e+00,1.000000000000000000e+00
1.281000000000000000e+03,5.150000000000000000e+02,1.951600312256050129e+00,1.000000000000000000e+00
1.245000000000000000e+03,5.250000000000000000e+02,1.686746987951807331e+00,1.000000000000000000e+00
1.257000000000000000e+03,5.310000000000000000e+02,1.750198886237072315e+00,1.000000000000000000e+00
1.388399999999999636e+03,5.480000000000000000e+02,1.584557764333045737e+00,1.000000000000000000e+00
1.385599999999999909e+03,5.390000000000000000e+02,2.453810623556582193e+00,1.000000000000000000e+00
1.212000000000000000e+03,5.020000000000000000e+02,1.732673267326732880e+00,1.000000000000000000e+00
1.403199999999999591e+03,5.510000000000000000e+02,1.496579247434435933e+00,1.000000000000000000e+00
1.290000000000000000e+03,5.010000000000000000e+02,1.085271317829457294e+00,1.000000000000000000e+00
1.309599999999999682e+03,5.310000000000000000e+02,1.756261453879047529e+00,1.000000000000000000e+00
1.294399999999999636e+03,5.270000000000000000e+02,1.699629171817058637e+00,1.000000000000000000e+00
1.320399999999999409e+03,5.290000000000000000e+02,2.120569524386550331e+00,1.000000000000000000e+00
1.351000000000000000e+03,5.400000000000000000e+02,1.406365655070318299e+00,1.000000000000000000e+00
1.305599999999999682e+03,5.190000000000000000e+02,1.761642156862745390e+00,1.000000000000000000e+00
1.321000000000000000e+03,5.070000000000000000e+02,2.346707040121120080e+00,1.000000000000000000e+00
1.252799999999999955e+03,5.170000000000000000e+02,2.554278416347381953e+00,1.000000000000000000e+00
1.310000000000000000e+03,5.390000000000000000e+02,2.061068702290076438e+00,1.000000000000000000e+00
1.305000000000000000e+03,5.280000000000000000e+02,2.298850574712643535e+00,1.000000000000000000e+00
1.251000000000000000e+03,5.140000000000000000e+02,2.557953637090327526e+00,1.000000000000000000e+00
1.303399999999999409e+03,5.110000000000000000e+02,2.071505293846862994e+00,1.000000000000000000e+00
1.249000000000000000e+03,5.240000000000000000e+02,1.841473178542834432e+00,1.000000000000000000e+00
1.383599999999999909e+03,5.340000000000000000e+02,2.529632841861809922e+00,1.000000000000000000e+00
1.265000000000000000e+03,5.250000000000000000e+02,2.134387351778656239e+00,1.000000000000000000e+00
1.241000000000000000e+03,5.300000000000000000e+02,2.578565672844480350e+00,1.000000000000000000e+00
1.319399999999999181e+03,5.360000000000000000e+02,2.273760800363803014e+00,1.000000000000000000e+00
1.239000000000000000e+03,5.300000000000000000e+02,1.775625504439063862e+00,1.000000000000000000e+00
1.253200000000000045e+03,5.260000000000000000e+02,1.436323013086498568e+00,1.000000000000000000e+00
1.331999999999999318e+03,5.420000000000000000e+02,1.801801801801802938e+00,1.000000000000000000e+00
1.296000000000000000e+03,5.280000000000000000e+02,1.234567901234567833e+00,1.000000000000000000e+00
1.350000000000000000e+03,5.510000000000000000e+02,2.000000000000000000e+00,1.000000000000000000e+00
1.300000000000000000e+03,5.280000000000000000e+02,1.923076923076923128e+00,1.000000000000000000e+00
1.314599999999999454e+03,5.320000000000000000e+02,1.977787920279933775e+00,1.000000000000000000e+00
1.380399999999999636e+03,5.190000000000000000e+02,1.014198782961460710e+00,1.000000000000000000e+00
1.248000000000000000e+03,5.140000000000000000e+02,1.682692307692307709e+00,1.000000000000000000e+00
1.301000000000000000e+03,5.330000000000000000e+02,1.844734819369715506e+00,1.000000000000000000e+00
1.310000000000000000e+03,5.410000000000000000e+02,1.984732824427480891e+00,1.000000000000000000e+00
1.304000000000000000e+03,5.240000000000000000e+02,1.457055214723926184e+00,1.000000000000000000e+00
1.300199999999999818e+03,5.050000000000000000e+02,1.768958621750500004e+00,1.000000000000000000e+00
1.268599999999999909e+03,5.070000000000000000e+02,2.049503389563298583e+00,1.000000000000000000e+00
1.268000000000000000e+03,5.120000000000000000e+02,1.656151419558359761e+00,1.000000000000000000e+00
1.307799999999999727e+03,5.220000000000000000e+02,1.835142988224499394e+00,1.000000000000000000e+00
1.322000000000000000e+03,5.230000000000000000e+02,2.193645990922844291e+00,1.000000000000000000e+00
1.298000000000000000e+03,5.260000000000000000e+02,2.234206471494606827e+00,1.000000000000000000e+00
1.249199999999999818e+03,5.050000000000000000e+02,2.081332052513609199e+00,1.000000000000000000e+00
1.257599999999999454e+03,5.210000000000000000e+02,1.431297709923664785e+00,1.000000000000000000e+00
1.257799999999999955e+03,5.140000000000000000e+02,1.828589600890443645e+00,1.000000000000000000e+00
1.165000000000000000e+03,5.140000000000000000e+02,1.716738197424892753e+00,1.000000000000000000e+00
1.287000000000000000e+03,5.410000000000000000e+02,3.030303030303030276e+00,1.000000000000000000e+00
1.278000000000000000e+03,5.240000000000000000e+02,2.034428794992175327e+00,1.000000000000000000e+00
1.343000000000000000e+03,5.300000000000000000e+02,2.233804914370811634e+00,1.000000000000000000e+00
1.352799999999999272e+03,5.190000000000000000e+02,1.626256652868126151e+00,1.000000000000000000e+00
1.298599999999999454e+03,5.250000000000000000e+02,7.700600646850458419e-01,1.000000000000000000e+00
1.270000000000000000e+03,5.410000000000000000e+02,1.653543307086614123e+00,1.000000000000000000e+00
1.393399999999999864e+03,5.340000000000000000e+02,2.224773934261518704e+00,1.000000000000000000e+00
1.255000000000000000e+03,5.230000000000000000e+02,1.673306772908366602e+00,1.000000000000000000e+00
1.291399999999999409e+03,5.400000000000000000e+02,1.626142171286976135e+00,1.000000000000000000e+00
1.276000000000000000e+03,5.170000000000000000e+02,1.880877742946708508e+00,1.000000000000000000e+00
1.263000000000000000e+03,5.050000000000000000e+02,1.662707838479809963e+00,1.000000000000000000e+00
1.334199999999999363e+03,5.270000000000000000e+02,2.323489731674412972e+00,1.000000000000000000e+00
1.289000000000000000e+03,5.120000000000000000e+02,2.017067494181536080e+00,1.000000000000000000e+00
1.253000000000000000e+03,5.330000000000000000e+02,1.835594573024740717e+00,1.000000000000000000e+00
1.240000000000000000e+03,5.140000000000000000e+02,2.016129032258064502e+00,1.000000000000000000e+00
1.290000000000000000e+03,5.150000000000000000e+02,1.627906976744186052e+00,1.000000000000000000e+00
1.229000000000000000e+03,5.180000000000000000e+02,2.278275020341741453e+00,1.000000000000000000e+00
1.315000000000000000e+03,5.260000000000000000e+02,2.281368821292775628e+00,1.000000000000000000e+00
1.315999999999999545e+03,5.230000000000000000e+02,1.899696048632219414e+00,1.000000000000000000e+00
1.319999999999999773e+03,5.090000000000000000e+02,1.969696969696969946e+00,1.000000000000000000e+00
1.260000000000000000e+03,5.360000000000000000e+02,2.222222222222222321e+00,1.000000000000000000e+00
1.214000000000000000e+03,5.240000000000000000e+02,2.306425041186161540e+00,1.000000000000000000e+00
1.301400000000000091e+03,5.000000000000000000e+02,1.306285538650683975e+00,1.000000000000000000e+00
1.301399999999999864e+03,5.350000000000000000e+02,1.767327493468572319e+00,1.000000000000000000e+00
1.318599999999999454e+03,5.340000000000000000e+02,1.820112240254816438e+00,1.000000000000000000e+00
1.313799999999999272e+03,5.110000000000000000e+02,2.055107322271275461e+00,1.000000000000000000e+00
1.315799999999999500e+03,5.210000000000000000e+02,1.823985408116735707e+00,1.000000000000000000e+00
1.291000000000000000e+03,5.210000000000000000e+02,2.013942680092951409e+00,1.000000000000000000e+00
1.243000000000000000e+03,5.380000000000000000e+02,1.609010458567980750e+00,1.000000000000000000e+00
1.330199999999999591e+03,4.990000000000000000e+02,2.405653285220268334e+00,1.000000000000000000e+00
1.319399999999999636e+03,5.350000000000000000e+02,1.894800666969835179e+00,1.000000000000000000e+00
1.184000000000000000e+03,5.100000000000000000e+02,2.111486486486486402e+00,1.000000000000000000e+00
1.345399999999999181e+03,5.120000000000000000e+02,2.229820127843022082e+00,1.000000000000000000e+00
1.261000000000000000e+03,5.150000000000000000e+02,2.061855670103092564e+00,1.000000000000000000e+00
1.303999999999999545e+03,5.140000000000000000e+02,2.300613496932516266e+00,1.000000000000000000e+00
1.312799999999999272e+03,5.310000000000000000e+02,1.675807434491164871e+00,1.000000000000000000e+00
1.217000000000000000e+03,5.060000000000000000e+02,1.972062448644206878e+00,1.000000000000000000e+00
1.298000000000000000e+03,5.190000000000000000e+02,2.003081664098613324e+00,1.000000000000000000e+00
1.272000000000000000e+03,5.160000000000000000e+02,1.886792452830188704e+00,1.000000000000000000e+00
1.302799999999999272e+03,5.310000000000000000e+02,1.458397298127111608e+00,1.000000000000000000e+00
1.308399999999999864e+03,5.240000000000000000e+02,1.528584530724549140e+00,1.000000000000000000e+00
1.262000000000000000e+03,5.260000000000000000e+02,1.664025356576861903e+00,1.000000000000000000e+00
1.265000000000000000e+03,5.430000000000000000e+02,2.055335968379446765e+00,1.000000000000000000e+00
1.251799999999999500e+03,5.080000000000000000e+02,1.837354209937690497e+00,1.000000000000000000e+00
1.296000000000000000e+03,5.240000000000000000e+02,9.259259259259258190e-01,1.000000000000000000e+00
1.283000000000000000e+03,5.320000000000000000e+02,2.182385035074045465e+00,1.000000000000000000e+00
1.230000000000000000e+03,5.300000000000000000e+02,2.520325203252032686e+00,1.000000000000000000e+00
1.267999999999999545e+03,5.250000000000000000e+02,2.050473186119874391e+00,1.000000000000000000e+00
1.345399999999999409e+03,5.140000000000000000e+02,2.601456815816858281e+00,1.000000000000000000e+00
1.303000000000000000e+03,5.480000000000000000e+02,2.532617037605525923e+00,1.000000000000000000e+00
1.299799999999999500e+03,5.210000000000000000e+02,1.307893522080320503e+00,1.000000000000000000e+00
1.333599999999999682e+03,5.190000000000000000e+02,1.724655068986203243e+00,1.000000000000000000e+00
1.312000000000000000e+03,5.390000000000000000e+02,1.524390243902439046e+00,1.000000000000000000e+00
1.308000000000000000e+03,5.300000000000000000e+02,2.752293577981651751e+00,1.000000000000000000e+00
1.407999999999999545e+03,5.100000000000000000e+02,1.704545454545455030e+00,1.000000000000000000e+00
1.273000000000000000e+03,4.980000000000000000e+02,1.806755695208169588e+00,1.000000000000000000e+00
1.283000000000000000e+03,5.390000000000000000e+02,2.494154325798908722e+00,1.000000000000000000e+00
1.290199999999999136e+03,5.260000000000000000e+02,1.705161990389088222e+00,1.000000000000000000e+00
1.324999999999999545e+03,5.230000000000000000e+02,2.339622641509434775e+00,1.000000000000000000e+00
1.245000000000000000e+03,5.260000000000000000e+02,1.686746987951807331e+00,1.000000000000000000e+00
1.343000000000000000e+03,5.240000000000000000e+02,1.787043931496649307e+00,1.000000000000000000e+00
1.437799999999999727e+03,5.370000000000000000e+02,2.086521073862846354e+00,1.000000000000000000e+00
1.202000000000000000e+03,5.240000000000000000e+02,2.662229617304492368e+00,1.000000000000000000e+00
1.379999999999999773e+03,5.380000000000000000e+02,1.376811594202898670e+00,1.000000000000000000e+00
1.220000000000000000e+03,5.130000000000000000e+02,1.557377049180328044e+00,1.000000000000000000e+00
1.291799999999999727e+03,5.300000000000000000e+02,2.631986375599938643e+00,1.000000000000000000e+00
1.290000000000000000e+03,5.370000000000000000e+02,1.627906976744186052e+00,1.000000000000000000e+00
1.241000000000000000e+03,5.280000000000000000e+02,2.175664786462530031e+00,1.000000000000000000e+00
1.323199999999999818e+03,5.310000000000000000e+02,1.662636033857315843e+00,1.000000000000000000e+00
1.329000000000000000e+03,5.190000000000000000e+02,2.182091798344619971e+00,1.000000000000000000e+00
1.343999999999999773e+03,5.250000000000000000e+02,1.488095238095238360e+00,1.000000000000000000e+00
1.235000000000000000e+03,5.260000000000000000e+02,2.186234817813764941e+00,1.000000000000000000e+00
1.281599999999999227e+03,5.210000000000000000e+02,2.184769038701624311e+00,1.000000000000000000e+00
1.322799999999999955e+03,5.130000000000000000e+02,1.965527668581796394e+00,1.000000000000000000e+00
1.274599999999999909e+03,4.960000000000000000e+02,1.882943668601914533e+00,1.000000000000000000e+00
1.234000000000000000e+03,5.170000000000000000e+02,1.620745542949756812e+00,1.000000000000000000e+00
1.288000000000000000e+03,5.450000000000000000e+02,1.708074534161490687e+00,1.000000000000000000e+00
1.315199999999999591e+03,5.190000000000000000e+02,1.900851581508516297e+00,1.000000000000000000e+00
1.279799999999999272e+03,5.140000000000000000e+02,1.719018596655728537e+00,1.000000000000000000e+00
1.351599999999999454e+03,5.300000000000000000e+02,2.441550754661143241e+00,1.000000000000000000e+00
1.233000000000000000e+03,5.070000000000000000e+02,3.163017031630170450e+00,1.000000000000000000e+00
1.319199999999999818e+03,5.260000000000000000e+02,1.516070345664038976e+00,1.000000000000000000e+00
1.287000000000000000e+03,5.340000000000000000e+02,2.253302253302253089e+00,1.000000000000000000e+00
1.322000000000000000e+03,5.330000000000000000e+02,2.042360060514372133e+00,1.000000000000000000e+00
1.330599999999999909e+03,5.430000000000000000e+02,1.503081316699233616e+00,1.000000000000000000e+00
1.244000000000000000e+03,5.230000000000000000e+02,1.688102893890675471e+00,1.000000000000000000e+00
1.336799999999999727e+03,5.230000000000000000e+02,2.019748653500898161e+00,1.000000000000000000e+00
1.249000000000000000e+03,5.160000000000000000e+02,2.001601281024819823e+00,1.000000000000000000e+00
1.248000000000000000e+03,5.140000000000000000e+02,2.003205128205128194e+00,1.000000000000000000e+00
1.291000000000000000e+03,5.240000000000000000e+02,1.859024012393493352e+00,1.000000000000000000e+00
1.311399999999999409e+03,5.180000000000000000e+02,1.220070154033857657e+00,1.000000000000000000e+00
1.324599999999999909e+03,5.200000000000000000e+02,2.113845689264683969e+00,1.000000000000000000e+00
1.354599999999999454e+03,5.300000000000000000e+02,1.919385796545106437e+00,1.000000000000000000e+00
1.342199999999999591e+03,5.300000000000000000e+02,1.937118164208017079e+00,1.000000000000000000e+00
1.352000000000000000e+03,5.360000000000000000e+02,1.849112426035502965e+00,1.000000000000000000e+00
1.409799999999999500e+03,5.420000000000000000e+02,1.418640941977586056e+00,1.000000000000000000e+00
1.297799999999999272e+03,5.420000000000000000e+02,1.618122977346279301e+00,1.000000000000000000e+00
1.259000000000000000e+03,5.280000000000000000e+02,2.382843526608419360e+00,1.000000000000000000e+00
1.205000000000000000e+03,5.210000000000000000e+02,2.572614107883817169e+00,1.000000000000000000e+00
1.280000000000000000e+03,5.260000000000000000e+02,1.953125000000000000e+00,1.000000000000000000e+00
1.294000000000000000e+03,5.300000000000000000e+02,2.550231839258114253e+00,1.000000000000000000e+00
1.373999999999999318e+03,5.300000000000000000e+02,9.461426491994181509e-01,1.000000000000000000e+00
1.295000000000000000e+03,5.440000000000000000e+02,2.007722007722007707e+00,1.000000000000000000e+00
1.264000000000000000e+03,5.310000000000000000e+02,2.136075949367088445e+00,1.000000000000000000e+00
1.252399999999999636e+03,5.060000000000000000e+02,2.395400830405622017e+00,1.000000000000000000e+00
1.290199999999999818e+03,5.290000000000000000e+02,1.627654627189583092e+00,1.000000000000000000e+00
1.307799999999999955e+03,5.300000000000000000e+02,1.529285823520415866e+00,1.000000000000000000e+00
1.289000000000000000e+03,5.270000000000000000e+02,2.327385570209464571e+00,1.000000000000000000e+00
1.288000000000000000e+03,5.250000000000000000e+02,1.708074534161490687e+00,1.000000000000000000e+00
1.311999999999999318e+03,5.210000000000000000e+02,2.134146341463415641e+00,1.000000000000000000e+00
1.226000000000000000e+03,5.060000000000000000e+02,1.386623164763458371e+00,1.000000000000000000e+00
1.245000000000000000e+03,5.150000000000000000e+02,2.088353413654618684e+00,1.000000000000000000e+00
1.291000000000000000e+03,5.380000000000000000e+02,1.859024012393493352e+00,1.000000000000000000e+00
1.325599999999999682e+03,5.190000000000000000e+02,1.508750754375377534e+00,1.000000000000000000e+00
1.329599999999999454e+03,5.280000000000000000e+02,1.654632972322503726e+00,1.000000000000000000e+00
1.296999999999999773e+03,5.170000000000000000e+02,1.696222050886661892e+00,1.000000000000000000e+00
1.335199999999999136e+03,5.070000000000000000e+02,1.497902935889755316e+00,1.000000000000000000e+00
1.331799999999999727e+03,5.550000000000000000e+02,1.126295239525454628e+00,1.000000000000000000e+00
1.254000000000000000e+03,5.220000000000000000e+02,1.355661881977671568e+00,1.000000000000000000e+00
1.342599999999999909e+03,5.260000000000000000e+02,1.936541039773573614e+00,1.000000000000000000e+00
1.218000000000000000e+03,5.190000000000000000e+02,1.559934318555008304e+00,1.000000000000000000e+00
1.249000000000000000e+03,5.160000000000000000e+02,1.921537229783826906e+00,1.000000000000000000e+00
1.342199999999999591e+03,5.310000000000000000e+02,2.235136343316943108e+00,1.000000000000000000e+00
1.266000000000000000e+03,5.330000000000000000e+02,2.132701421800947905e+00,1.000000000000000000e+00
1.273000000000000000e+03,5.330000000000000000e+02,1.728201099764336002e+00,1.000000000000000000e+00
1.301000000000000000e+03,5.270000000000000000e+02,1.691006917755572658e+00,1.000000000000000000e+00
1.339799999999999272e+03,5.230000000000000000e+02,1.567398119122257905e+00,1.000000000000000000e+00
1.211000000000000000e+03,5.080000000000000000e+02,1.073492981007431846e+00,1.000000000000000000e+00
1.326000000000000000e+03,5.320000000000000000e+02,2.187028657616892691e+00,1.000000000000000000e+00
1.335399999999999864e+03,5.200000000000000000e+02,1.572562528081473898e+00,1.000000000000000000e+00
1.262000000000000000e+03,5.230000000000000000e+02,2.614896988906497466e+00,1.000000000000000000e+00
1.286400000000000091e+03,5.270000000000000000e+02,2.098880597014925353e+00,1.000000000000000000e+00
1.311999999999999545e+03,5.220000000000000000e+02,2.286585365853659013e+00,1.000000000000000000e+00
1.346999999999999318e+03,5.360000000000000000e+02,2.004454342984411053e+00,1.000000000000000000e+00
1.267000000000000000e+03,5.420000000000000000e+02,1.499605367008681966e+00,1.000000000000000000e+00
1.259000000000000000e+03,5.330000000000000000e+02,1.826846703733121524e+00,1.000000000000000000e+00
1.176000000000000000e+03,5.200000000000000000e+02,2.636054421768707634e+00,1.000000000000000000e+00
1.349599999999999454e+03,5.480000000000000000e+02,1.778304682868998787e+00,1.000000000000000000e+00
1.311000000000000000e+03,5.160000000000000000e+02,2.059496567505720854e+00,1.000000000000000000e+00
1.279000000000000000e+03,5.130000000000000000e+02,1.329163408913213384e+00,1.000000000000000000e+00
1.271000000000000000e+03,5.200000000000000000e+02,1.258851298190401202e+00,1.000000000000000000e+00
1.339199999999999591e+03,5.380000000000000000e+02,1.941457586618877684e+00,1.000000000000000000e+00
1.321000000000000000e+03,5.500000000000000000e+02,1.741105223315669859e+00,1.000000000000000000e+00
1.336599999999999682e+03,5.150000000000000000e+02,1.720784079006434597e+00,1.000000000000000000e+00
1.240000000000000000e+03,5.320000000000000000e+02,1.693548387096774466e+00,1.000000000000000000e+00
1.360000000000000000e+03,5.440000000000000000e+02,1.764705882352941124e+00,1.000000000000000000e+00
1.233000000000000000e+03,5.130000000000000000e+02,1.622060016220600032e+00,1.000000000000000000e+00
1.282999999999999773e+03,5.170000000000000000e+02,1.480904130943102359e+00,1.000000000000000000e+00
1.357000000000000000e+03,5.470000000000000000e+02,2.652910832719233447e+00,1.000000000000000000e+00
1.167000000000000000e+03,5.140000000000000000e+02,2.999143101970865199e+00,1.000000000000000000e+00
1.290999999999999545e+03,5.380000000000000000e+02,2.478698683191325358e+00,1.000000000000000000e+00
1.262999999999999545e+03,5.270000000000000000e+02,1.821060965954078181e+00,1.000000000000000000e+00
1.318599999999999909e+03,5.230000000000000000e+02,1.744274230244198476e+00,1.000000000000000000e+00
1.414199999999999591e+03,5.280000000000000000e+02,1.979917974826757687e+00,1.000000000000000000e+00
1.276000000000000000e+03,5.110000000000000000e+02,2.821316614420062763e+00,1.000000000000000000e+00
1.285599999999999227e+03,5.160000000000000000e+02,1.633478531425016422e+00,1.000000000000000000e+00
1.268000000000000000e+03,5.300000000000000000e+02,1.892744479495268140e+00,1.000000000000000000e+00
1.322599999999999682e+03,5.420000000000000000e+02,1.663390291849388136e+00,1.000000000000000000e+00
1.391199999999999363e+03,5.380000000000000000e+02,2.228292121909144274e+00,1.000000000000000000e+00
1.348999999999999318e+03,5.270000000000000000e+02,2.001482579688659058e+00,1.000000000000000000e+00
1.346199999999999136e+03,5.290000000000000000e+02,1.857079185856486125e+00,1.000000000000000000e+00
1.338999999999999773e+03,5.310000000000000000e+02,2.315160567587752460e+00,1.000000000000000000e+00
1.369599999999999227e+03,5.420000000000000000e+02,2.044392523364487069e+00,1.000000000000000000e+00
1.339399999999999636e+03,5.170000000000000000e+02,2.239808869643124201e+00,1.000000000000000000e+00
1.274000000000000000e+03,5.260000000000000000e+02,2.119309262166404917e+00,1.000000000000000000e+00
1.294000000000000000e+03,5.280000000000000000e+02,2.163833075734157507e+00,1.000000000000000000e+00
1.322000000000000000e+03,5.450000000000000000e+02,1.891074130105900197e+00,1.000000000000000000e+00
1.319999999999999545e+03,5.320000000000000000e+02,1.515151515151515804e+00,1.000000000000000000e+00
1.285000000000000000e+03,5.340000000000000000e+02,1.867704280155642049e+00,1.000000000000000000e+00
1.292000000000000000e+03,5.320000000000000000e+02,1.702786377708978227e+00,1.000000000000000000e+00
1.359000000000000000e+03,5.540000000000000000e+02,2.722590139808682697e+00,1.000000000000000000e+00
1.301999999999999318e+03,5.210000000000000000e+02,1.996927803379417332e+00,1.000000000000000000e+00
1.290199999999999363e+03,5.090000000000000000e+02,2.480235622384127758e+00,1.000000000000000000e+00
1.312399999999999864e+03,5.190000000000000000e+02,2.285888448643706550e+00,1.000000000000000000e+00
1.306000000000000000e+03,5.350000000000000000e+02,1.990811638591117871e+00,1.000000000000000000e+00
1.280000000000000000e+03,5.230000000000000000e+02,1.718750000000000222e+00,1.000000000000000000e+00
1.305000000000000000e+03,5.390000000000000000e+02,1.839080459770114917e+00,1.000000000000000000e+00
1.335000000000000000e+03,5.400000000000000000e+02,1.797752808988764217e+00,1.000000000000000000e+00
1.237000000000000000e+03,4.910000000000000000e+02,2.586903799514955526e+00,1.000000000000000000e+00
1.342399999999999636e+03,5.450000000000000000e+02,1.713349225268176790e+00,1.000000000000000000e+00
1.374799999999999955e+03,5.240000000000000000e+02,1.963922025021821227e+00,1.000000000000000000e+00
1.306799999999999500e+03,5.140000000000000000e+02,1.989592898683808286e+00,1.000000000000000000e+00
1.294000000000000000e+03,5.330000000000000000e+02,1.545595054095826981e+00,1.000000000000000000e+00
1.281000000000000000e+03,5.310000000000000000e+02,2.263856362217018248e+00,1.000000000000000000e+00
1.349399999999999409e+03,5.170000000000000000e+02,1.556247220987106106e+00,1.000000000000000000e+00
1.281000000000000000e+03,5.240000000000000000e+02,1.561280249804839926e+00,1.000000000000000000e+00
1.245000000000000000e+03,5.260000000000000000e+02,2.168674698795180600e+00,1.000000000000000000e+00
1.246000000000000000e+03,5.020000000000000000e+02,2.166934189406099165e+00,1.000000000000000000e+00
1.397799999999999727e+03,5.230000000000000000e+02,1.645442838746602021e+00,1.000000000000000000e+00
1.359599999999999682e+03,5.150000000000000000e+02,1.471020888496616941e+00,1.000000000000000000e+00
1.307000000000000000e+03,5.640000000000000000e+02,2.065799540933435097e+00,1.000000000000000000e+00
1.336599999999999909e+03,5.170000000000000000e+02,1.571150680831961965e+00,1.000000000000000000e+00
1.307399999999999636e+03,5.170000000000000000e+02,1.376778338687471681e+00,1.000000000000000000e+00
1.308999999999999545e+03,5.330000000000000000e+02,1.833460656990069326e+00,1.000000000000000000e+00
1.349999999999999545e+03,5.060000000000000000e+02,2.000000000000000888e+00,1.000000000000000000e+00
1.204000000000000000e+03,5.120000000000000000e+02,1.744186046511627897e+00,1.000000000000000000e+00
1.369199999999999363e+03,5.290000000000000000e+02,2.410166520595969697e+00,1.000000000000000000e+00
1.269000000000000000e+03,5.200000000000000000e+02,2.521670606776989843e+00,1.000000000000000000e+00
1.343599999999999682e+03,5.160000000000000000e+02,1.488538255433164981e+00,1.000000000000000000e+00
1.345399999999999864e+03,5.220000000000000000e+02,1.412219414300579956e+00,1.000000000000000000e+00
1.384599999999999454e+03,5.340000000000000000e+02,1.805575617506861796e+00,1.000000000000000000e+00
1.335799999999999727e+03,5.340000000000000000e+02,1.871537655337625727e+00,1.000000000000000000e+00
1.343599999999999682e+03,5.200000000000000000e+02,1.711818993748139617e+00,1.000000000000000000e+00
1.324199999999999363e+03,5.220000000000000000e+02,1.585863162664250980e+00,1.000000000000000000e+00
1.434199999999999818e+03,5.430000000000000000e+02,1.743132059684841861e+00,1.000000000000000000e+00
1.331599999999999000e+03,5.400000000000000000e+02,1.802343045959748924e+00,1.000000000000000000e+00
1.287000000000000000e+03,5.420000000000000000e+02,1.554001554001553931e+00,1.000000000000000000e+00
1.394399999999999864e+03,5.330000000000000000e+02,2.510040160642570406e+00,1.000000000000000000e+00
1.325599999999999682e+03,5.160000000000000000e+02,1.659625829812915176e+00,1.000000000000000000e+00
1.221000000000000000e+03,4.990000000000000000e+02,2.047502047502047340e+00,1.000000000000000000e+00
1.326599999999999682e+03,5.400000000000000000e+02,9.045680687471734371e-01,1.000000000000000000e+00
1.338000000000000000e+03,5.200000000000000000e+02,1.420029895366218264e+00,1.000000000000000000e+00
1.293999999999999773e+03,5.240000000000000000e+02,2.472952086553323436e+00,1.000000000000000000e+00
1.334199999999999591e+03,5.380000000000000000e+02,1.648928196672163393e+00,1.000000000000000000e+00
1.245000000000000000e+03,5.170000000000000000e+02,1.365461847389558336e+00,1.000000000000000000e+00
1.268199999999999363e+03,5.010000000000000000e+02,1.577038322031226070e+00,1.000000000000000000e+00
1.298000000000000000e+03,5.230000000000000000e+02,2.311248073959938143e+00,1.000000000000000000e+00
1.314199999999999591e+03,5.360000000000000000e+02,2.739309085375134067e+00,1.000000000000000000e+00
1.388999999999999318e+03,5.350000000000000000e+02,2.015838732901368946e+00,1.000000000000000000e+00
1.263000000000000000e+03,5.300000000000000000e+02,2.533650039588281722e+00,1.000000000000000000e+00
1.305000000000000000e+03,5.380000000000000000e+02,1.532567049808428949e+00,1.000000000000000000e+00
1.208000000000000000e+03,5.080000000000000000e+02,1.572847682119205448e+00,1.000000000000000000e+00
1.297000000000000000e+03,5.350000000000000000e+02,2.081727062451812049e+00,1.000000000000000000e+00
1.309000000000000000e+03,5.340000000000000000e+02,2.291825821237586158e+00,1.000000000000000000e+00
1.233000000000000000e+03,5.090000000000000000e+02,1.784266017842660368e+00,1.000000000000000000e+00
1.313000000000000000e+03,5.270000000000000000e+02,1.827875095201827893e+00,1.000000000000000000e+00
1.283000000000000000e+03,5.090000000000000000e+02,1.792673421667965616e+00,1.000000000000000000e+00
1.332999999999999318e+03,5.270000000000000000e+02,1.200300075018755352e+00,1.000000000000000000e+00
1.287000000000000000e+03,5.090000000000000000e+02,1.787101787101787131e+00,1.000000000000000000e+00
1.273000000000000000e+03,5.290000000000000000e+02,1.728201099764336002e+00,1.000000000000000000e+00
1.254000000000000000e+03,5.050000000000000000e+02,2.073365231259967967e+00,1.000000000000000000e+00
1.390999999999999091e+03,5.280000000000000000e+02,1.294033069734005226e+00,1.000000000000000000e+00
1.275000000000000000e+03,5.190000000000000000e+02,2.431372549019608087e+00,1.000000000000000000e+00
1.347399999999999636e+03,5.250000000000000000e+02,1.632774231853941327e+00,1.000000000000000000e+00
1.251000000000000000e+03,5.220000000000000000e+02,2.238209432454036918e+00,1.000000000000000000e+00
1.199000000000000000e+03,5.100000000000000000e+02,2.418682235195996899e+00,1.000000000000000000e+00
1.303000000000000000e+03,5.340000000000000000e+02,2.379125095932463907e+00,1.000000000000000000e+00
1.304000000000000000e+03,5.350000000000000000e+02,1.533742331288343586e+00,1.000000000000000000e+00
1.264599999999999682e+03,5.190000000000000000e+02,1.502451368021509248e+00,1.000000000000000000e+00
1.248000000000000000e+03,5.330000000000000000e+02,1.041666666666666519e+00,1.000000000000000000e+00
1.255000000000000000e+03,5.150000000000000000e+02,1.513944223107569709e+00,1.000000000000000000e+00
1.277399999999999409e+03,5.130000000000000000e+02,2.270236417723501710e+00,1.000000000000000000e+00
1.279799999999999500e+03,5.130000000000000000e+02,1.562744178777934811e+00,1.000000000000000000e+00
1.382399999999999636e+03,5.450000000000000000e+02,1.229745370370370683e+00,1.000000000000000000e+00
1.412599999999999682e+03,5.210000000000000000e+02,2.265326348577092475e+00,1.000000000000000000e+00
1.303999999999999773e+03,5.280000000000000000e+02,1.457055214723926628e+00,1.000000000000000000e+00
1.264000000000000000e+03,5.250000000000000000e+02,2.610759493670886222e+00,1.000000000000000000e+00
1.352399999999999864e+03,5.100000000000000000e+02,1.848565513161786633e+00,1.000000000000000000e+00
1.316000000000000000e+03,5.450000000000000000e+02,1.291793313069908855e+00,1.000000000000000000e+00
1.287000000000000000e+03,5.190000000000000000e+02,2.408702408702408704e+00,1.000000000000000000e+00
1.327599999999999682e+03,5.490000000000000000e+02,1.581801747514312018e+00,1.000000000000000000e+00
1.353399999999999864e+03,5.210000000000000000e+02,2.364415546032215598e+00,1.000000000000000000e+00
1.321199999999999591e+03,5.300000000000000000e+02,1.286709052376627582e+00,1.000000000000000000e+00
1.208000000000000000e+03,5.110000000000000000e+02,2.069536423841059847e+00,1.000000000000000000e+00
1.347599999999999682e+03,5.300000000000000000e+02,2.003561887800534791e+00,1.000000000000000000e+00
1.210000000000000000e+03,5.070000000000000000e+02,2.066115702479339067e+00,1.000000000000000000e+00
1.327199999999999818e+03,5.240000000000000000e+02,2.185051235684147386e+00,1.000000000000000000e+00
1.350199999999999363e+03,5.340000000000000000e+02,1.851577544067546377e+00,1.000000000000000000e+00
1.336999999999999773e+03,5.480000000000000000e+02,1.944652206432311292e+00,1.000000000000000000e+00
1.291799999999999500e+03,5.200000000000000000e+02,2.167518191670537941e+00,1.000000000000000000e+00
1.325199999999999136e+03,5.220000000000000000e+02,2.414729852097798002e+00,1.000000000000000000e+00
1.262000000000000000e+03,5.470000000000000000e+02,2.139461172741679906e+00,1.000000000000000000e+00
1.209000000000000000e+03,4.980000000000000000e+02,2.481389578163772036e+00,1.000000000000000000e+00
1.317000000000000000e+03,5.160000000000000000e+02,1.974183750949126681e+00,1.000000000000000000e+00
1.278399999999999864e+03,5.230000000000000000e+02,2.033792240300375642e+00,1.000000000000000000e+00
1.329000000000000000e+03,5.240000000000000000e+02,1.128668171557562161e+00,1.000000000000000000e+00
1.285000000000000000e+03,5.300000000000000000e+02,2.178988326848248835e+00,1.000000000000000000e+00
1.346199999999999591e+03,5.330000000000000000e+02,1.708512850987966791e+00,1.000000000000000000e+00
1.394200000000000045e+03,5.460000000000000000e+02,2.438674508678811748e+00,1.000000000000000000e+00
1.287399999999999636e+03,5.470000000000000000e+02,2.097250271865776394e+00,1.000000000000000000e+00
1.282799999999999955e+03,5.190000000000000000e+02,1.714998440910508348e+00,1.000000000000000000e+00
1.356800000000000182e+03,5.170000000000000000e+02,1.031839622641509413e+00,1.000000000000000000e+00
1.289000000000000000e+03,5.290000000000000000e+02,2.327385570209464571e+00,1.000000000000000000e+00
1.282799999999999955e+03,5.240000000000000000e+02,2.572497661365762411e+00,1.000000000000000000e+00
1.280999999999999773e+03,5.250000000000000000e+02,2.498048399687744503e+00,1.000000000000000000e+00
1.297799999999999727e+03,5.050000000000000000e+02,2.696871628910464391e+00,1.000000000000000000e+00
1.286000000000000000e+03,5.270000000000000000e+02,2.332814930015552068e+00,1.000000000000000000e+00
1.310399999999999636e+03,5.330000000000000000e+02,2.289377289377290126e+00,1.000000000000000000e+00
1.348999999999999318e+03,5.180000000000000000e+02,1.186063750926612981e+00,1.000000000000000000e+00
1.351999999999999545e+03,5.360000000000000000e+02,1.701183431952663527e+00,1.000000000000000000e+00
1.280000000000000000e+03,5.170000000000000000e+02,1.328125000000000000e+00,1.000000000000000000e+00
1.337999999999999545e+03,5.150000000000000000e+02,1.943198804185351847e+00,1.000000000000000000e+00
1.331399999999999409e+03,5.410000000000000000e+02,1.952831605828452055e+00,1.000000000000000000e+00
1.277199999999999818e+03,5.330000000000000000e+02,1.644221735045412025e+00,1.000000000000000000e+00
1.312000000000000000e+03,5.370000000000000000e+02,2.286585365853658569e+00,1.000000000000000000e+00
1.378999999999999318e+03,5.110000000000000000e+02,1.957940536620740524e+00,1.000000000000000000e+00
1.284999999999999773e+03,5.100000000000000000e+02,2.023346303501945886e+00,1.000000000000000000e+00
1.298000000000000000e+03,5.420000000000000000e+02,2.003081664098613324e+00,1.000000000000000000e+00
1.400399999999999409e+03,5.490000000000000000e+02,2.356469580119966434e+00,1.000000000000000000e+00
1.269000000000000000e+03,5.350000000000000000e+02,2.285263987391646712e+00,1.000000000000000000e+00
1.366199999999999363e+03,5.530000000000000000e+02,2.122676035719515131e+00,1.000000000000000000e+00
1.265000000000000000e+03,5.160000000000000000e+02,1.501976284584980226e+00,1.000000000000000000e+00
1.320199999999999591e+03,5.200000000000000000e+02,1.742160278745645163e+00,1.000000000000000000e+00
1.345199999999999818e+03,5.170000000000000000e+02,2.007136485280999416e+00,1.000000000000000000e+00
1.338399999999999181e+03,5.250000000000000000e+02,1.569037656903766731e+00,1.000000000000000000e+00
1.291199999999999818e+03,5.220000000000000000e+02,1.781288723667906027e+00,1.000000000000000000e+00
1.398399999999999409e+03,5.520000000000000000e+02,1.573226544622426504e+00,1.000000000000000000e+00
1.281000000000000000e+03,5.230000000000000000e+02,1.951600312256050129e+00,1.000000000000000000e+00
1.202000000000000000e+03,4.890000000000000000e+02,1.830282861896838753e+00,1.000000000000000000e+00
1.396799999999999500e+03,5.270000000000000000e+02,2.076174112256587101e+00,1.000000000000000000e+00
1.352399999999999409e+03,5.350000000000000000e+02,2.218278615794144759e+00,1.000000000000000000e+00
1.300000000000000000e+03,5.400000000000000000e+02,1.230769230769230838e+00,1.000000000000000000e+00
1.298000000000000000e+03,5.200000000000000000e+02,1.848998459167950914e+00,1.000000000000000000e+00
1.351399999999999181e+03,5.400000000000000000e+02,2.293917418972918121e+00,1.000000000000000000e+00
1.304999999999999773e+03,5.190000000000000000e+02,1.915708812260536575e+00,1.000000000000000000e+00
1.301000000000000000e+03,5.380000000000000000e+02,1.767870868562644304e+00,1.000000000000000000e+00
1.240000000000000000e+03,5.090000000000000000e+02,1.774193548387096753e+00,1.000000000000000000e+00
1.245000000000000000e+03,5.090000000000000000e+02,1.606425702811244749e+00,1.000000000000000000e+00
1.327999999999999545e+03,5.400000000000000000e+02,2.033132530120482784e+00,1.000000000000000000e+00
1.221000000000000000e+03,5.180000000000000000e+02,2.538902538902538808e+00,1.000000000000000000e+00
1.377599999999999682e+03,5.240000000000000000e+02,2.177700348432056288e+00,1.000000000000000000e+00
1.328000000000000000e+03,5.310000000000000000e+02,1.882530120481927804e+00,1.000000000000000000e+00
1.245000000000000000e+03,5.180000000000000000e+02,1.445783132530120474e+00,1.000000000000000000e+00
1.345799999999999500e+03,5.270000000000000000e+02,2.526378362312379888e+00,1.000000000000000000e+00
1.322599999999999682e+03,5.270000000000000000e+02,1.663390291849388136e+00,1.000000000000000000e+00
1.328199999999999591e+03,5.400000000000000000e+02,2.108116247553080136e+00,1.000000000000000000e+00
1.260799999999999727e+03,5.100000000000000000e+02,1.744923857868020622e+00,1.000000000000000000e+00
1.280599999999999454e+03,5.030000000000000000e+02,1.171325940965173062e+00,1.000000000000000000e+00
1.343799999999999727e+03,5.350000000000000000e+02,2.009227563625539670e+00,1.000000000000000000e+00
1.321999999999999545e+03,5.080000000000000000e+02,2.193645990922844735e+00,1.000000000000000000e+00
1.275000000000000000e+03,5.200000000000000000e+02,1.490196078431372584e+00,1.000000000000000000e+00
1.254000000000000000e+03,5.160000000000000000e+02,1.275917065390749672e+00,1.000000000000000000e+00
1.257400000000000091e+03,5.100000000000000000e+02,1.670112931445840498e+00,1.000000000000000000e+00
1.240000000000000000e+03,5.220000000000000000e+02,1.935483870967741993e+00,1.000000000000000000e+00
1.337199999999999363e+03,5.260000000000000000e+02,2.991325157044571803e+00,1.000000000000000000e+00
1.293599999999999682e+03,5.250000000000000000e+02,2.164502164502164927e+00,1.000000000000000000e+00
1.273000000000000000e+03,5.240000000000000000e+02,2.120974076983503487e+00,1.000000000000000000e+00
1.313999999999999545e+03,5.300000000000000000e+02,1.750380517503805855e+00,1.000000000000000000e+00
1.271000000000000000e+03,5.370000000000000000e+02,1.573564122738001503e+00,1.000000000000000000e+00
1.342199999999999591e+03,5.350000000000000000e+02,2.086127253762480205e+00,1.000000000000000000e+00
1.265000000000000000e+03,5.350000000000000000e+02,2.371541501976284216e+00,1.000000000000000000e+00
1.312000000000000000e+03,5.400000000000000000e+02,2.515243902439024737e+00,1.000000000000000000e+00
1.293200000000000045e+03,5.040000000000000000e+02,2.242499226724404604e+00,1.000000000000000000e+00
1.384399999999999636e+03,5.210000000000000000e+02,1.805836463449870477e+00,1.000000000000000000e+00
1.330000000000000000e+03,5.290000000000000000e+02,1.954887218045112895e+00,1.000000000000000000e+00
1.239399999999999636e+03,5.130000000000000000e+02,1.936420848797805849e+00,1.000000000000000000e+00
1.227799999999999727e+03,5.170000000000000000e+02,1.710376282782212431e+00,1.000000000000000000e+00
1.272000000000000000e+03,5.290000000000000000e+02,1.415094339622641639e+00,1.000000000000000000e+00
1.287599999999999454e+03,5.210000000000000000e+02,1.708605156881019882e+00,1.000000000000000000e+00
1.274599999999999454e+03,5.200000000000000000e+02,1.569119723834929259e+00,1.000000000000000000e+00
1.237000000000000000e+03,5.120000000000000000e+02,2.586903799514955526e+00,1.000000000000000000e+00
1.299399999999999636e+03,5.410000000000000000e+02,1.462213329228875258e+00,1.000000000000000000e+00
1.329199999999999591e+03,5.340000000000000000e+02,1.429431236834186381e+00,1.000000000000000000e+00
1.315399999999999636e+03,5.320000000000000000e+02,1.520450053215752106e+00,1.000000000000000000e+00
1.292399999999999409e+03,5.100000000000000000e+02,1.857010213556175460e+00,1.000000000000000000e+00
1.293599999999999682e+03,5.240000000000000000e+02,1.700680272108844093e+00,1.000000000000000000e+00
1.323000000000000000e+03,5.400000000000000000e+02,1.511715797430083219e+00,1.000000000000000000e+00
1.366199999999999591e+03,5.180000000000000000e+02,2.195871761089152940e+00,1.000000000000000000e+00
1.295000000000000000e+03,5.410000000000000000e+02,1.235521235521235495e+00,1.000000000000000000e+00
1.344799999999999272e+03,5.240000000000000000e+02,2.230814991076741194e+00,1.000000000000000000e+00
1.262000000000000000e+03,5.210000000000000000e+02,1.109350237717908083e+00,1.000000000000000000e+00
1.136000000000000000e+03,5.030000000000000000e+02,1.408450704225352235e+00,1.000000000000000000e+00
1.318000000000000000e+03,5.280000000000000000e+02,1.138088012139605310e+00,1.000000000000000000e+00
1.407199999999999818e+03,5.130000000000000000e+02,2.345082433200682548e+00,1.000000000000000000e+00
1.240000000000000000e+03,5.310000000000000000e+02,1.774193548387096753e+00,1.000000000000000000e+00
1.254000000000000000e+03,5.340000000000000000e+02,1.913875598086124397e+00,1.000000000000000000e+00
1.323999999999999773e+03,5.240000000000000000e+02,1.586102719033232855e+00,1.000000000000000000e+00
1.364799999999999500e+03,5.410000000000000000e+02,1.905041031652989991e+00,1.000000000000000000e+00
1.321000000000000000e+03,5.330000000000000000e+02,1.892505677517032581e+00,1.000000000000000000e+00
1.286999999999999545e+03,5.250000000000000000e+02,2.175602175602176391e+00,1.000000000000000000e+00
1.246000000000000000e+03,5.110000000000000000e+02,2.086677367576244002e+00,1.000000000000000000e+00
1.254000000000000000e+03,5.150000000000000000e+02,1.834130781499202723e+00,1.000000000000000000e+00
1.273199999999999591e+03,5.210000000000000000e+02,1.335218347470939815e+00,1.000000000000000000e+00
1.273000000000000000e+03,5.230000000000000000e+02,1.728201099764336002e+00,1.000000000000000000e+00
1.331199999999999818e+03,5.340000000000000000e+02,2.178485576923077094e+00,1.000000000000000000e+00
1.348000000000000000e+03,5.270000000000000000e+02,1.632047477744807296e+00,1.000000000000000000e+00
1.334999999999999545e+03,5.080000000000000000e+02,1.123595505617977830e+00,1.000000000000000000e+00
1.236000000000000000e+03,5.240000000000000000e+02,1.941747572815533784e+00,1.000000000000000000e+00
1.248599999999999682e+03,5.010000000000000000e+02,1.681883709754925960e+00,1.000000000000000000e+00
1.369599999999999227e+03,5.470000000000000000e+02,2.409462616822431347e+00,1.000000000000000000e+00
1.283000000000000000e+03,5.210000000000000000e+02,2.026500389711613614e+00,1.000000000000000000e+00
1.216000000000000000e+03,5.280000000000000000e+02,1.480263157894736725e+00,1.000000000000000000e+00
1.259000000000000000e+03,5.110000000000000000e+02,2.541699761715647377e+00,1.000000000000000000e+00
1.340999999999999318e+03,5.320000000000000000e+02,1.938851603281134484e+00,1.000000000000000000e+00
1.274999999999999773e+03,5.200000000000000000e+02,2.196078431372549211e+00,1.000000000000000000e+00
1.266000000000000000e+03,5.160000000000000000e+02,2.211690363349131161e+00,1.000000000000000000e+00
1.349399999999999636e+03,5.290000000000000000e+02,1.926782273603083295e+00,1.000000000000000000e+00
1.369599999999999454e+03,5.450000000000000000e+02,2.847546728971963592e+00,1.000000000000000000e+00
1.311599999999999682e+03,5.160000000000000000e+02,1.143641354071363470e+00,1.000000000000000000e+00
1.269000000000000000e+03,5.240000000000000000e+02,1.654846335697399473e+00,1.000000000000000000e+00
1.289000000000000000e+03,5.260000000000000000e+02,1.474010861132660999e+00,1.000000000000000000e+00
1.274000000000000000e+03,5.230000000000000000e+02,1.962323390894819441e+00,1.000000000000000000e+00
1.340999999999999773e+03,5.190000000000000000e+02,2.162565249813572343e+00,1.000000000000000000e+00
1.309399999999999636e+03,5.290000000000000000e+02,1.832900565144341520e+00,1.000000000000000000e+00
1.357799999999999272e+03,5.280000000000000000e+02,1.693916629842393107e+00,1.000000000000000000e+00
1.295000000000000000e+03,5.300000000000000000e+02,2.162162162162162282e+00,1.000000000000000000e+00
1.227000000000000000e+03,5.270000000000000000e+02,2.118989405052974728e+00,1.000000000000000000e+00
1.289000000000000000e+03,5.280000000000000000e+02,1.629169899146625244e+00,1.000000000000000000e+00
1.323999999999999773e+03,5.450000000000000000e+02,1.963746223564954985e+00,1.000000000000000000e+00
1.258000000000000000e+03,5.220000000000000000e+02,1.669316375198728108e+00,1.000000000000000000e+00
1.255399999999999409e+03,5.150000000000000000e+02,1.991397164250438889e+00,1.000000000000000000e+00
1.311799999999999500e+03,5.260000000000000000e+02,1.982009452660467241e+00,1.000000000000000000e+00
1.252000000000000000e+03,5.390000000000000000e+02,1.357827476038338643e+00,1.000000000000000000e+00
1.298000000000000000e+03,5.160000000000000000e+02,1.540832049306625651e+00,1.000000000000000000e+00
1.290000000000000000e+03,5.340000000000000000e+02,1.860465116279069742e+00,1.000000000000000000e+00
1.270199999999999818e+03,5.040000000000000000e+02,2.046921744607148597e+00,1.000000000000000000e+00
1.354000000000000000e+03,5.190000000000000000e+02,2.584933530280649983e+00,1.000000000000000000e+00
1.333000000000000000e+03,5.420000000000000000e+02,1.875468867216804281e+00,1.000000000000000000e+00
1.239000000000000000e+03,5.140000000000000000e+02,1.614205004035512259e+00,1.000000000000000000e+00
1.359399999999999409e+03,5.350000000000000000e+02,1.912608503751656031e+00,1.000000000000000000e+00
1.330000000000000000e+03,5.340000000000000000e+02,1.428571428571428603e+00,1.000000000000000000e+00
1.212000000000000000e+03,5.180000000000000000e+02,1.567656765676567643e+00,1.000000000000000000e+00
1.266000000000000000e+03,5.280000000000000000e+02,1.895734597156398138e+00,1.000000000000000000e+00
1.241000000000000000e+03,5.200000000000000000e+02,1.853344077356970265e+00,1.000000000000000000e+00
1.244000000000000000e+03,5.170000000000000000e+02,2.009646302250803984e+00,1.000000000000000000e+00
1.374599999999999227e+03,5.270000000000000000e+02,1.382220282263932232e+00,1.000000000000000000e+00
1.305599999999999682e+03,5.050000000000000000e+02,1.302083333333333481e+00,1.000000000000000000e+00
1.431199999999999591e+03,5.420000000000000000e+02,1.956400223588597331e+00,1.000000000000000000e+00
1.310999999999999545e+03,5.230000000000000000e+02,1.449275362318841021e+00,1.000000000000000000e+00
1.343799999999999500e+03,5.330000000000000000e+02,1.711564220866200747e+00,1.000000000000000000e+00
1.255000000000000000e+03,5.180000000000000000e+02,2.390438247011952289e+00,1.000000000000000000e+00
1.262000000000000000e+03,5.470000000000000000e+02,2.060221870047543646e+00,1.000000000000000000e+00
1.329799999999999045e+03,5.270000000000000000e+02,1.729583395999399809e+00,1.000000000000000000e+00
1.264000000000000000e+03,5.290000000000000000e+02,2.056962025316455556e+00,1.000000000000000000e+00
1.323000000000000000e+03,5.100000000000000000e+02,1.814058956916099863e+00,1.000000000000000000e+00
1.315999999999999773e+03,5.260000000000000000e+02,1.671732522796352871e+00,1.000000000000000000e+00
1.299000000000000000e+03,5.470000000000000000e+02,1.308698999230176963e+00,1.000000000000000000e+00
1.350399999999999636e+03,5.360000000000000000e+02,2.665876777251185548e+00,1.000000000000000000e+00
1.338399999999999409e+03,5.280000000000000000e+02,1.942618051404663371e+00,1.000000000000000000e+00
1.312000000000000000e+03,5.300000000000000000e+02,2.134146341463414753e+00,1.000000000000000000e+00
1.263000000000000000e+03,5.120000000000000000e+02,1.425178147268408635e+00,1.000000000000000000e+00
1.298799999999999727e+03,5.370000000000000000e+02,1.924853711117955557e+00,1.000000000000000000e+00
1.312599999999999682e+03,5.190000000000000000e+02,1.752247447813500392e+00,1.000000000000000000e+00
1.264000000000000000e+03,5.090000000000000000e+02,2.215189873417721333e+00,1.000000000000000000e+00
1.336999999999999318e+03,5.260000000000000000e+02,1.271503365744204084e+00,1.000000000000000000e+00
1.303000000000000000e+03,5.220000000000000000e+02,1.688411358403683948e+00,1.000000000000000000e+00
1.364199999999999591e+03,5.310000000000000000e+02,1.759272833895323851e+00,1.000000000000000000e+00
1.356399999999999409e+03,5.190000000000000000e+02,1.769389560601593248e+00,1.000000000000000000e+00
1.283000000000000000e+03,5.260000000000000000e+02,1.480904130943102137e+00,1.000000000000000000e+00
1.305199999999999136e+03,5.210000000000000000e+02,1.302482378179590228e+00,1.000000000000000000e+00
1.346599999999999454e+03,5.220000000000000000e+02,1.708005346799347235e+00,1.000000000000000000e+00
1.286999999999999545e+03,5.280000000000000000e+02,1.476301476301477011e+00,1.000000000000000000e+00
1.266000000000000000e+03,5.280000000000000000e+02,2.053712480252764649e+00,1.000000000000000000e+00
1.287000000000000000e+03,5.290000000000000000e+02,2.020202020202020332e+00,1.000000000000000000e+00
1.313000000000000000e+03,5.400000000000000000e+02,2.589489718202589330e+00,1.000000000000000000e+00
1.278000000000000000e+03,5.420000000000000000e+02,1.877934272300469498e+00,1.000000000000000000e+00
1.307000000000000000e+03,5.200000000000000000e+02,2.677888293802601627e+00,1.000000000000000000e+00
1.317199999999999591e+03,5.380000000000000000e+02,1.670209535378075039e+00,1.000000000000000000e+00
1.337599999999999454e+03,5.200000000000000000e+02,1.719497607655503080e+00,1.000000000000000000e+00
1.367399999999999181e+03,5.370000000000000000e+02,1.608892789235045750e+00,1.000000000000000000e+00
1.261000000000000000e+03,5.180000000000000000e+02,1.982553528945281363e+00,1.000000000000000000e+00
1.244000000000000000e+03,5.350000000000000000e+02,1.607717041800643010e+00,1.000000000000000000e+00
1.322799999999999045e+03,5.080000000000000000e+02,2.116722104626551193e+00,1.000000000000000000e+00
1.219000000000000000e+03,5.160000000000000000e+02,2.378999179655455265e+00,1.000000000000000000e+00
1.319399999999999181e+03,5.300000000000000000e+02,1.515840533575868898e+00,1.000000000000000000e+00
1.314999999999999318e+03,5.160000000000000000e+02,1.596958174904943739e+00,1.000000000000000000e+00
1.318000000000000000e+03,5.440000000000000000e+02,2.124430955993930059e+00,1.000000000000000000e+00
1.288000000000000000e+03,5.130000000000000000e+02,2.251552795031055876e+00,1.000000000000000000e+00
1.253000000000000000e+03,5.210000000000000000e+02,3.351955307262569850e+00,1.000000000000000000e+00
1.301000000000000000e+03,5.170000000000000000e+02,1.460415065334358165e+00,1.000000000000000000e+00
1.286000000000000000e+03,5.220000000000000000e+02,1.710730948678071517e+00,1.000000000000000000e+00
1.387800000000000182e+03,5.360000000000000000e+02,1.513186338089061556e+00,1.000000000000000000e+00
1.331799999999999727e+03,5.210000000000000000e+02,1.351554287430545509e+00,1.000000000000000000e+00
1.421999999999999773e+03,5.470000000000000000e+02,1.336146272855133876e+00,1.000000000000000000e+00
1.288199999999999363e+03,5.280000000000000000e+02,1.785437043937277535e+00,1.000000000000000000e+00
1.382799999999999272e+03,5.130000000000000000e+02,1.952560023141453049e+00,1.000000000000000000e+00
1.244000000000000000e+03,5.110000000000000000e+02,1.366559485530546736e+00,1.000000000000000000e+00
1.293000000000000000e+03,5.440000000000000000e+02,1.933488012374323217e+00,1.000000000000000000e+00
1.328399999999999636e+03,4.980000000000000000e+02,1.806684733514002383e+00,1.000000000000000000e+00
1.350000000000000000e+03,5.330000000000000000e+02,2.740740740740740922e+00,1.000000000000000000e+00
1.369000000000000000e+03,5.390000000000000000e+02,1.826150474799123291e+00,1.000000000000000000e+00
1.312000000000000000e+03,5.140000000000000000e+02,2.439024390243902385e+00,1.000000000000000000e+00
1.355000000000000000e+03,5.170000000000000000e+02,2.878228782287822973e+00,1.000000000000000000e+00
1.317199999999999591e+03,5.260000000000000000e+02,2.125721226844822898e+00,1.000000000000000000e+00
1.361799999999999727e+03,5.270000000000000000e+02,1.688941107357909033e+00,1.000000000000000000e+00
1.312000000000000000e+03,5.290000000000000000e+02,2.134146341463414753e+00,1.000000000000000000e+00
1.250199999999999818e+03,5.130000000000000000e+02,1.679731243001120200e+00,1.000000000000000000e+00
1.342399999999999636e+03,5.140000000000000000e+02,1.862336114421931477e+00,1.000000000000000000e+00
1.307799999999999500e+03,5.380000000000000000e+02,1.988071570576541491e+00,1.000000000000000000e+00
1.323799999999999727e+03,5.240000000000000000e+02,1.812962683184771606e+00,1.000000000000000000e+00
1.356999999999999318e+03,5.200000000000000000e+02,1.915991156963891662e+00,1.000000000000000000e+00
1.297000000000000000e+03,5.410000000000000000e+02,2.081727062451812049e+00,1.000000000000000000e+00
1.246000000000000000e+03,5.390000000000000000e+02,1.685393258426966190e+00,1.000000000000000000e+00
1.289000000000000000e+03,5.060000000000000000e+02,1.163692785104732286e+00,1.000000000000000000e+00
1.276000000000000000e+03,5.190000000000000000e+02,1.332288401253918453e+00,1.000000000000000000e+00
1.298000000000000000e+03,5.360000000000000000e+02,1.309707241910631703e+00,1.000000000000000000e+00
1.280000000000000000e+03,5.310000000000000000e+02,1.562500000000000000e+00,1.000000000000000000e+00
1.373999999999999545e+03,5.100000000000000000e+02,1.601164483260553606e+00,1.000000000000000000e+00
1.269599999999999454e+03,5.200000000000000000e+02,2.047889098928797225e+00,1.000000000000000000e+00
1.395999999999999545e+03,5.530000000000000000e+02,2.220630372492837346e+00,1.000000000000000000e+00
1.299999999999999545e+03,5.300000000000000000e+02,2.076923076923077538e+00,1.000000000000000000e+00
1.263599999999999682e+03,5.250000000000000000e+02,2.453308008863564815e+00,1.000000000000000000e+00
1.346799999999999500e+03,5.260000000000000000e+02,1.707751707751708370e+00,1.000000000000000000e+00
1.269000000000000000e+03,5.260000000000000000e+02,2.048857368006304025e+00,1.000000000000000000e+00
1.366999999999999773e+03,5.200000000000000000e+02,1.609363569861009813e+00,1.000000000000000000e+00
1.192000000000000000e+03,5.170000000000000000e+02,2.181208053691275239e+00,1.000000000000000000e+00
1.315000000000000000e+03,5.260000000000000000e+02,2.205323193916349567e+00,1.000000000000000000e+00
1.358999999999999545e+03,5.520000000000000000e+02,1.618837380426784822e+00,1.000000000000000000e+00
1.215000000000000000e+03,5.030000000000000000e+02,1.316872427983539096e+00,1.000000000000000000e+00
1.333000000000000000e+03,5.320000000000000000e+02,2.400600150037509373e+00,1.000000000000000000e+00
1.313000000000000000e+03,5.370000000000000000e+02,1.980198019801980180e+00,1.000000000000000000e+00
1.302000000000000000e+03,5.270000000000000000e+02,2.304147465437788256e+00,1.000000000000000000e+00
1.210000000000000000e+03,5.160000000000000000e+02,1.900826446280991622e+00,1.000000000000000000e+00
1.243000000000000000e+03,5.100000000000000000e+02,1.609010458567980750e+00,1.000000000000000000e+00
1.294999999999999773e+03,5.220000000000000000e+02,1.930501930501930863e+00,1.000000000000000000e+00
1.281799999999999955e+03,4.980000000000000000e+02,1.794351692931814624e+00,1.000000000000000000e+00
1.298799999999999272e+03,5.310000000000000000e+02,1.616877117339083236e+00,1.000000000000000000e+00
1.349199999999999363e+03,5.220000000000000000e+02,1.927067892084198819e+00,1.000000000000000000e+00
1.288799999999999500e+03,5.050000000000000000e+02,1.629422718808194448e+00,1.000000000000000000e+00
1.377399999999999409e+03,5.410000000000000000e+02,2.178016552925802873e+00,1.000000000000000000e+00
1.282000000000000000e+03,5.320000000000000000e+02,1.482059282371294806e+00,1.000000000000000000e+00
1.280000000000000000e+03,5.430000000000000000e+02,1.640625000000000000e+00,1.000000000000000000e+00
1.291199999999999363e+03,5.360000000000000000e+02,1.316604708798018164e+00,1.000000000000000000e+00
1.268000000000000000e+03,5.100000000000000000e+02,1.419558359621451160e+00,1.000000000000000000e+00
1.297000000000000000e+03,5.040000000000000000e+02,1.927525057825751897e+00,1.000000000000000000e+00
1.227000000000000000e+03,5.000000000000000000e+02,2.118989405052974728e+00,1.000000000000000000e+00
1.316400000000000091e+03,5.350000000000000000e+02,1.747189304162868106e+00,1.000000000000000000e+00
1.227000000000000000e+03,5.300000000000000000e+02,2.037489812550937085e+00,1.000000000000000000e+00
1.266399999999999636e+03,5.110000000000000000e+02,1.263423878711308124e+00,1.000000000000000000e+00
1.306000000000000000e+03,5.120000000000000000e+02,2.373660030627871453e+00,1.000000000000000000e+00
1.280000000000000000e+03,5.180000000000000000e+02,1.953125000000000000e+00,1.000000000000000000e+00
1.325000000000000000e+03,5.310000000000000000e+02,1.886792452830188704e+00,1.000000000000000000e+00
1.218000000000000000e+03,5.210000000000000000e+02,1.477832512315270908e+00,1.000000000000000000e+00
1.317799999999999272e+03,5.280000000000000000e+02,1.290028835938686225e+00,1.000000000000000000e+00
1.254000000000000000e+03,5.170000000000000000e+02,2.232854864433811759e+00,1.000000000000000000e+00
1.252000000000000000e+03,5.320000000000000000e+02,2.076677316293929820e+00,1.000000000000000000e+00
1.343199999999999363e+03,5.120000000000000000e+02,1.563430613460393914e+00,1.000000000000000000e+00
1.314599999999999682e+03,5.120000000000000000e+02,1.901719154115320887e+00,1.000000000000000000e+00
1.218000000000000000e+03,5.330000000000000000e+02,1.970443349753694617e+00,1.000000000000000000e+00
1.374199999999999363e+03,5.510000000000000000e+02,1.819240285256877643e+00,1.000000000000000000e+00
1.328000000000000000e+03,5.220000000000000000e+02,2.409638554216867679e+00,1.000000000000000000e+00
1.310000000000000000e+03,5.280000000000000000e+02,1.679389312977099369e+00,1.000000000000000000e+00
1.371399999999999864e+03,5.230000000000000000e+02,1.750036459092898067e+00,1.000000000000000000e+00
1.356599999999999682e+03,5.180000000000000000e+02,1.474273920094353985e+00,1.000000000000000000e+00
1.335599999999999227e+03,5.020000000000000000e+02,1.796945193171609390e+00,1.000000000000000000e+00
1.252000000000000000e+03,5.310000000000000000e+02,1.597444089456868888e+00,1.000000000000000000e+00
1.311000000000000000e+03,5.350000000000000000e+02,1.830663615560640833e+00,1.000000000000000000e+00
1.270000000000000000e+03,5.310000000000000000e+02,1.574803149606299080e+00,1.000000000000000000e+00
1.375999999999999773e+03,5.360000000000000000e+02,1.671511627906976827e+00,1.000000000000000000e+00
1.361799999999999727e+03,5.380000000000000000e+02,2.056102217653106745e+00,1.000000000000000000e+00
1.335000000000000000e+03,5.400000000000000000e+02,1.797752808988764217e+00,1.000000000000000000e+00
1.300000000000000000e+03,5.290000000000000000e+02,2.538461538461538325e+00,1.000000000000000000e+00
1.273199999999999591e+03,5.140000000000000000e+02,1.806471881872448115e+00,1.000000000000000000e+00
1.362999999999999545e+03,5.410000000000000000e+02,1.760821716801174608e+00,1.000000000000000000e+00
1.303000000000000000e+03,5.220000000000000000e+02,2.225633154259401003e+00,1.000000000000000000e+00
1.303000000000000000e+03,5.290000000000000000e+02,2.302379125095932455e+00,1.000000000000000000e+00
1.278599999999999909e+03,5.130000000000000000e+02,2.424526826216173880e+00,1.000000000000000000e+00
1.308000000000000000e+03,5.160000000000000000e+02,1.070336391437308743e+00,1.000000000000000000e+00
1.371599999999999454e+03,5.380000000000000000e+02,2.114319043452902669e+00,1.000000000000000000e+00
1.215000000000000000e+03,5.050000000000000000e+02,2.139917695473251058e+00,1.000000000000000000e+00
1.296000000000000000e+03,5.240000000000000000e+02,1.697530864197530853e+00,1.000000000000000000e+00
1.226000000000000000e+03,5.140000000000000000e+02,2.120717781402936541e+00,1.000000000000000000e+00
1.345599999999999454e+03,5.360000000000000000e+02,2.749702734839477802e+00,1.000000000000000000e+00
1.355199999999999136e+03,5.200000000000000000e+02,1.254427390791027941e+00,1.000000000000000000e+00
1.330000000000000000e+03,5.150000000000000000e+02,2.105263157894736725e+00,1.000000000000000000e+00
1.338199999999999591e+03,5.250000000000000000e+02,1.494544911074578097e+00,1.000000000000000000e+00
1.304000000000000000e+03,5.190000000000000000e+02,1.533742331288343586e+00,1.000000000000000000e+00
1.272000000000000000e+03,5.210000000000000000e+02,1.886792452830188704e+00,1.000000000000000000e+00
1.299000000000000000e+03,5.160000000000000000e+02,2.540415704387990470e+00,1.000000000000000000e+00
1.320999999999999545e+03,5.100000000000000000e+02,1.892505677517033247e+00,1.000000000000000000e+00
1.298000000000000000e+03,5.300000000000000000e+02,2.080123266563944640e+00,1.000000000000000000e+00
1.317199999999999363e+03,5.120000000000000000e+02,1.822046765866991436e+00,1.000000000000000000e+00
1.231000000000000000e+03,5.190000000000000000e+02,1.949634443541836015e+00,1.000000000000000000e+00
1.288000000000000000e+03,5.310000000000000000e+02,3.027950310559006208e+00,1.000000000000000000e+00
1.270000000000000000e+03,5.330000000000000000e+02,1.811023622047243986e+00,1.000000000000000000e+00
1.349599999999999682e+03,5.180000000000000000e+02,1.407824540604623920e+00,1.000000000000000000e+00
1.285000000000000000e+03,5.310000000000000000e+02,2.412451361867704591e+00,1.000000000000000000e+00
1.276799999999999500e+03,5.180000000000000000e+02,2.271303258145364268e+00,1.000000000000000000e+00
1.236199999999999818e+03,5.200000000000000000e+02,1.456075068759100644e+00,1.000000000000000000e+00
1.254000000000000000e+03,5.400000000000000000e+02,2.232854864433811759e+00,1.000000000000000000e+00
1.305999999999999318e+03,5.330000000000000000e+02,1.761102603369066655e+00,1.000000000000000000e+00
1.346999999999999318e+03,5.250000000000000000e+02,1.559020044543430572e+00,1.000000000000000000e+00
1.323000000000000000e+03,5.350000000000000000e+02,1.814058956916099863e+00,1.000000000000000000e+00
1.289000000000000000e+03,5.190000000000000000e+02,2.017067494181536080e+00,1.000000000000000000e+00
1.234000000000000000e+03,5.230000000000000000e+02,1.701782820097244464e+00,1.000000000000000000e+00
1.358999999999999773e+03,5.350000000000000000e+02,2.060338484179544238e+00,1.000000000000000000e+00
1.260000000000000000e+03,5.410000000000000000e+02,1.984126984126983961e+00,1.000000000000000000e+00
1.320999999999999545e+03,5.110000000000000000e+02,2.195306585919758469e+00,1.000000000000000000e+00
1.319999999999999545e+03,5.400000000000000000e+02,2.196969696969697683e+00,1.000000000000000000e+00
1.298799999999999727e+03,5.150000000000000000e+02,1.924853711117955557e+00,1.000000000000000000e+00
1.338000000000000000e+03,5.610000000000000000e+02,1.793721973094170474e+00,1.000000000000000000e+00
1.356599999999999682e+03,5.420000000000000000e+02,1.769128704113224648e+00,1.000000000000000000e+00
1.296000000000000000e+03,5.360000000000000000e+02,1.311728395061728225e+00,1.000000000000000000e+00
1.230000000000000000e+03,5.060000000000000000e+02,2.032520325203251765e+00,1.000000000000000000e+00
1.316000000000000000e+03,5.360000000000000000e+02,2.279635258358662764e+00,1.000000000000000000e+00
1.334000000000000000e+03,5.240000000000000000e+02,1.724137931034482651e+00,1.000000000000000000e+00
1.291000000000000000e+03,5.160000000000000000e+02,1.781564678543764657e+00,1.000000000000000000e+00
1.287000000000000000e+03,5.320000000000000000e+02,2.020202020202020332e+00,1.000000000000000000e+00
1.243000000000000000e+03,5.180000000000000000e+02,2.735317779565567431e+00,1.000000000000000000e+00
1.250000000000000000e+03,5.140000000000000000e+02,1.839999999999999858e+00,1.000000000000000000e+00
1.301199999999999818e+03,5.160000000000000000e+02,1.460190593298493988e+00,1.000000000000000000e+00
1.254000000000000000e+03,5.190000000000000000e+02,1.355661881977671568e+00,1.000000000000000000e+00
1.265799999999999500e+03,5.070000000000000000e+02,2.133038394691105566e+00,1.000000000000000000e+00
1.333599999999999682e+03,5.240000000000000000e+02,1.574685062987402739e+00,1.000000000000000000e+00
1.342999999999999318e+03,5.310000000000000000e+02,1.787043931496650195e+00,1.000000000000000000e+00
1.294999999999999773e+03,5.200000000000000000e+02,1.776061776061776287e+00,1.000000000000000000e+00
1.266799999999999727e+03,5.090000000000000000e+02,1.815598358067572304e+00,1.000000000000000000e+00
1.354399999999999636e+03,5.190000000000000000e+02,1.402835203780272044e+00,1.000000000000000000e+00
1.265599999999999682e+03,4.960000000000000000e+02,2.449431099873578432e+00,1.000000000000000000e+00
1.330999999999999318e+03,5.260000000000000000e+02,1.953418482344102980e+00,1.000000000000000000e+00
1.293000000000000000e+03,5.220000000000000000e+02,1.624129930394431431e+00,1.000000000000000000e+00
1.219000000000000000e+03,5.160000000000000000e+02,2.214930270713699745e+00,1.000000000000000000e+00
1.232199999999999591e+03,5.200000000000000000e+02,2.515825353027106637e+00,1.000000000000000000e+00
1.290000000000000000e+03,5.260000000000000000e+02,1.240310077519379828e+00,1.000000000000000000e+00
1.325599999999999682e+03,5.310000000000000000e+02,2.036813518406759727e+00,1.000000000000000000e+00
1.262000000000000000e+03,5.040000000000000000e+02,2.139461172741679906e+00,1.000000000000000000e+00
1.266000000000000000e+03,5.470000000000000000e+02,2.685624012638230695e+00,1.000000000000000000e+00
1.341799999999999500e+03,5.080000000000000000e+02,1.714115367416903180e+00,1.000000000000000000e+00
1.370999999999999545e+03,5.290000000000000000e+02,1.896425966447849110e+00,1.000000000000000000e+00
1.286199999999999818e+03,5.210000000000000000e+02,1.321722904680454169e+00,1.000000000000000000e+00
1.286000000000000000e+03,5.140000000000000000e+02,1.555209953343701379e+00,1.000000000000000000e+00
1.320799999999999727e+03,5.200000000000000000e+02,1.362810417928528528e+00,1.000000000000000000e+00
1.319799999999999500e+03,5.220000000000000000e+02,2.045764509774208761e+00,1.000000000000000000e+00
1.290799999999999727e+03,5.260000000000000000e+02,1.626898047722342922e+00,1.000000000000000000e+00
1.370199999999999363e+03,5.470000000000000000e+02,2.043497299664283506e+00,1.000000000000000000e+00
1.379799999999999727e+03,5.290000000000000000e+02,1.884331062472822671e+00,1.000000000000000000e+00
1.250599999999999682e+03,5.130000000000000000e+02,1.919078842155765630e+00,1.000000000000000000e+00
1.341000000000000000e+03,5.430000000000000000e+02,1.565995525727069460e+00,1.000000000000000000e+00
1.305599999999999682e+03,5.140000000000000000e+02,1.455269607843137525e+00,1.000000000000000000e+00
1.344399999999999409e+03,5.120000000000000000e+02,1.562035108598631927e+00,1.000000000000000000e+00
1.338999999999999773e+03,5.410000000000000000e+02,2.240477968633308947e+00,1.000000000000000000e+00
1.346199999999999363e+03,5.220000000000000000e+02,1.782796018422226236e+00,1.000000000000000000e+00
1.250799999999999500e+03,5.040000000000000000e+02,1.758874320434922200e+00,1.000000000000000000e+00
1.272000000000000000e+03,5.160000000000000000e+02,2.279874213836477814e+00,1.000000000000000000e+00
1.293599999999999454e+03,5.230000000000000000e+02,1.777983920841064602e+00,1.000000000000000000e+00
1.248000000000000000e+03,5.270000000000000000e+02,2.003205128205128194e+00,1.000000000000000000e+00
1.298000000000000000e+03,5.220000000000000000e+02,1.848998459167950914e+00,1.000000000000000000e+00
1.294599999999999682e+03,5.190000000000000000e+02,1.853854472423915212e+00,1.000000000000000000e+00
1.285999999999999773e+03,5.110000000000000000e+02,2.488335925349922650e+00,1.000000000000000000e+00
1.297000000000000000e+03,5.470000000000000000e+02,2.081727062451812049e+00,1.000000000000000000e+00
1.226000000000000000e+03,5.230000000000000000e+02,2.446982055464926642e+00,1.000000000000000000e+00
1.326000000000000000e+03,5.290000000000000000e+02,1.583710407239818929e+00,1.000000000000000000e+00
1.300000000000000000e+03,5.340000000000000000e+02,1.461538461538461453e+00,1.000000000000000000e+00
1.219000000000000000e+03,5.230000000000000000e+02,2.461033634126332803e+00,1.000000000000000000e+00
1.220000000000000000e+03,5.130000000000000000e+02,2.049180327868852292e+00,1.000000000000000000e+00
1.358399999999999409e+03,5.230000000000000000e+02,2.429328621908128039e+00,1.000000000000000000e+00
1.361599999999999227e+03,5.380000000000000000e+02,1.762632197414807145e+00,1.000000000000000000e+00
1.320999999999999091e+03,5.300000000000000000e+02,1.438304314912945747e+00,1.000000000000000000e+00
1.187000000000000000e+03,5.150000000000000000e+02,2.443133951137320903e+00,1.000000000000000000e+00
1.273000000000000000e+03,5.330000000000000000e+02,2.042419481539670123e+00,1.000000000000000000e+00
1.243000000000000000e+03,5.030000000000000000e+02,2.091713596138375042e+00,1.000000000000000000e+00
1.321799999999999727e+03,5.210000000000000000e+02,1.664397034347102622e+00,1.000000000000000000e+00
1.312000000000000000e+03,5.250000000000000000e+02,2.134146341463414753e+00,1.000000000000000000e+00
1.312000000000000000e+03,5.360000000000000000e+02,2.057926829268292845e+00,1.000000000000000000e+00
1.294000000000000000e+03,5.290000000000000000e+02,2.472952086553322992e+00,1.000000000000000000e+00
1.340199999999999591e+03,5.230000000000000000e+02,1.790777495896135552e+00,1.000000000000000000e+00
1.248000000000000000e+03,5.080000000000000000e+02,1.201923076923077094e+00,1.000000000000000000e+00
1.287000000000000000e+03,5.270000000000000000e+02,2.486402486402486289e+00,1.000000000000000000e+00
1.367799999999999727e+03,5.470000000000000000e+02,1.389091972510601236e+00,1.000000000000000000e+00
1.253399999999999864e+03,5.010000000000000000e+02,2.154140737194830457e+00,1.000000000000000000e+00
1.247000000000000000e+03,5.230000000000000000e+02,1.844426623897353679e+00,1.000000000000000000e+00
1.274000000000000000e+03,5.510000000000000000e+02,1.726844583987440895e+00,1.000000000000000000e+00
1.302999999999999773e+03,5.240000000000000000e+02,1.841903300076746408e+00,1.000000000000000000e+00
1.361999999999999773e+03,5.160000000000000000e+02,1.541850220264317395e+00,1.000000000000000000e+00
1.413199999999999363e+03,5.390000000000000000e+02,2.052080384941976643e+00,1.000000000000000000e+00
1.277000000000000000e+03,5.420000000000000000e+02,1.644479248238057911e+00,1.000000000000000000e+00
1.218000000000000000e+03,5.190000000000000000e+02,2.134646962233169187e+00,1.000000000000000000e+00
1.307399999999999636e+03,5.410000000000000000e+02,1.835704451583295649e+00,1.000000000000000000e+00
1.229000000000000000e+03,5.190000000000000000e+02,1.545972335231895922e+00,1.000000000000000000e+00
1.288000000000000000e+03,5.100000000000000000e+02,2.717391304347826164e+00,1.000000000000000000e+00
1.301399999999999409e+03,5.300000000000000000e+02,2.074688796680498992e+00,1.000000000000000000e+00
1.343999999999999545e+03,5.190000000000000000e+02,2.083333333333333925e+00,1.000000000000000000e+00
1.221000000000000000e+03,5.120000000000000000e+02,2.129402129402129251e+00,1.000000000000000000e+00
1.346399999999999864e+03,5.170000000000000000e+02,2.153891859774212936e+00,1.000000000000000000e+00
1.280000000000000000e+03,5.230000000000000000e+02,1.640625000000000000e+00,1.000000000000000000e+00
1.321999999999999318e+03,5.340000000000000000e+02,2.269288956127081036e+00,1.000000000000000000e+00
1.262799999999999727e+03,5.250000000000000000e+02,1.742160278745644941e+00,1.000000000000000000e+00
1.272000000000000000e+03,5.230000000000000000e+02,1.808176100628930749e+00,1.000000000000000000e+00
1.321599999999999909e+03,5.280000000000000000e+02,1.891646489104116258e+00,1.000000000000000000e+00
1.251000000000000000e+03,5.100000000000000000e+02,1.918465227817745644e+00,1.000000000000000000e+00
1.361199999999999591e+03,5.350000000000000000e+02,2.424331472230385920e+00,1.000000000000000000e+00
1.240000000000000000e+03,5.230000000000000000e+02,1.693548387096774466e+00,1.000000000000000000e+00
1.314000000000000000e+03,5.290000000000000000e+02,2.359208523592084994e+00,1.000000000000000000e+00
1.328999999999999091e+03,5.280000000000000000e+02,1.429646350639579566e+00,1.000000000000000000e+00
1.271199999999999591e+03,5.120000000000000000e+02,1.887979861548144012e+00,1.000000000000000000e+00
1.249000000000000000e+03,5.280000000000000000e+02,2.161729383506805657e+00,1.000000000000000000e+00
1.381399999999999409e+03,5.230000000000000000e+02,1.303025915737658025e+00,1.000000000000000000e+00
1.309999999999999545e+03,5.140000000000000000e+02,2.213740458015267976e+00,1.000000000000000000e+00
1.211000000000000000e+03,5.290000000000000000e+02,2.146985962014863691e+00,1.000000000000000000e+00
1.341199999999999363e+03,5.290000000000000000e+02,1.789442290486132903e+00,1.000000000000000000e+00
1.374599999999999682e+03,5.100000000000000000e+02,1.454968718172559683e+00,1.000000000000000000e+00
1.251000000000000000e+03,5.220000000000000000e+02,1.998401278976818407e+00,1.000000000000000000e+00
1.247000000000000000e+03,5.130000000000000000e+02,2.325581395348837344e+00,1.000000000000000000e+00
1.357399999999999636e+03,5.260000000000000000e+02,1.620745542949757256e+00,1.000000000000000000e+00
1.308000000000000000e+03,5.290000000000000000e+02,1.834862385321101019e+00,1.000000000000000000e+00
1.324599999999999454e+03,5.390000000000000000e+02,1.660878755850823563e+00,1.000000000000000000e+00
1.340799999999999727e+03,5.230000000000000000e+02,1.864558472553699886e+00,1.000000000000000000e+00
1.264000000000000000e+03,5.250000000000000000e+02,1.819620253164556889e+00,1.000000000000000000e+00
1.241000000000000000e+03,5.270000000000000000e+02,1.853344077356970265e+00,1.000000000000000000e+00
1.248599999999999909e+03,5.080000000000000000e+02,2.482780714400128375e+00,1.000000000000000000e+00
1.237000000000000000e+03,5.260000000000000000e+02,1.697655618431689550e+00,1.000000000000000000e+00
1.233000000000000000e+03,5.160000000000000000e+02,1.784266017842660368e+00,1.000000000000000000e+00
1.277999999999999545e+03,5.120000000000000000e+02,1.330203442879499764e+00,1.000000000000000000e+00
1.349999999999999773e+03,5.270000000000000000e+02,2.518518518518519045e+00,1.000000000000000000e+00
1.364799999999999500e+03,5.210000000000000000e+02,1.831770222743259957e+00,1.000000000000000000e+00
1.371000000000000227e+03,5.350000000000000000e+02,2.261123267687818572e+00,1.000000000000000000e+00
1.375599999999999682e+03,5.250000000000000000e+02,2.326257633032859040e+00,1.000000000000000000e+00
1.279000000000000000e+03,5.140000000000000000e+02,1.485535574667709247e+00,1.000000000000000000e+00
1.314799999999999500e+03,5.190000000000000000e+02,1.749315485244904878e+00,1.000000000000000000e+00
1.335799999999999272e+03,5.200000000000000000e+02,2.844737236113191958e+00,1.000000000000000000e+00
1.295199999999999591e+03,5.320000000000000000e+02,1.930203829524398174e+00,1.000000000000000000e+00
1.304000000000000000e+03,5.200000000000000000e+02,1.687116564417177944e+00,1.000000000000000000e+00
1.294000000000000000e+03,5.370000000000000000e+02,2.782071097372488477e+00,1.000000000000000000e+00
1.354399999999999636e+03,5.510000000000000000e+02,2.141169521559362909e+00,1.000000000000000000e+00
1.250000000000000000e+03,5.320000000000000000e+02,2.479999999999999982e+00,1.000000000000000000e+00
1.347799999999999727e+03,5.360000000000000000e+02,1.780679626057278808e+00,1.000000000000000000e+00
1.274000000000000000e+03,5.140000000000000000e+02,2.040816326530612290e+00,1.000000000000000000e+00
1.263000000000000000e+03,5.260000000000000000e+02,1.900237529691211513e+00,1.000000000000000000e+00
1.271000000000000000e+03,5.330000000000000000e+02,2.202989771833202326e+00,1.000000000000000000e+00
1.337199999999999136e+03,5.230000000000000000e+02,2.243493867783429518e+00,1.000000000000000000e+00
1.275199999999999591e+03,5.340000000000000000e+02,2.979924717691343705e+00,1.000000000000000000e+00
1.238000000000000000e+03,5.110000000000000000e+02,1.938610662358642989e+00,1.000000000000000000e+00
1.302000000000000000e+03,5.120000000000000000e+02,1.920122887864823547e+00,1.000000000000000000e+00
1.286000000000000000e+03,5.090000000000000000e+02,2.721617418351477635e+00,1.000000000000000000e+00
1.278000000000000000e+03,5.400000000000000000e+02,1.956181533646322412e+00,1.000000000000000000e+00
1.354399999999999181e+03,5.220000000000000000e+02,1.402835203780272488e+00,1.000000000000000000e+00
1.207000000000000000e+03,5.000000000000000000e+02,1.739850869925434917e+00,1.000000000000000000e+00
1.268000000000000000e+03,5.230000000000000000e+02,1.892744479495268140e+00,1.000000000000000000e+00
1.220000000000000000e+03,5.210000000000000000e+02,2.131147540983606259e+00,1.000000000000000000e+00
1.208000000000000000e+03,5.320000000000000000e+02,3.145695364238410896e+00,1.000000000000000000e+00
1.301199999999999591e+03,5.340000000000000000e+02,1.690747002766677554e+00,1.000000000000000000e+00
1.368999999999999773e+03,5.320000000000000000e+02,1.680058436815194067e+00,1.000000000000000000e+00
1.265000000000000000e+03,5.290000000000000000e+02,2.766798418972332030e+00,1.000000000000000000e+00
1.313799999999999272e+03,5.280000000000000000e+02,1.370071548180850085e+00,1.000000000000000000e+00
1.225000000000000000e+03,5.130000000000000000e+02,1.551020408163265252e+00,1.000000000000000000e+00
1.212000000000000000e+03,5.220000000000000000e+02,2.392739273927392940e+00,1.000000000000000000e+00
1.291000000000000000e+03,5.540000000000000000e+02,2.323780015491866635e+00,1.000000000000000000e+00
1.313000000000000000e+03,5.260000000000000000e+02,2.132520944402132468e+00,1.000000000000000000e+00
1.218000000000000000e+03,5.090000000000000000e+02,2.216748768472906583e+00,1.000000000000000000e+00
1.321399999999999181e+03,5.270000000000000000e+02,1.513546238837597535e+00,1.000000000000000000e+00
1.324399999999998954e+03,5.340000000000000000e+02,1.736635457565691487e+00,1.000000000000000000e+00
1.339599999999999454e+03,5.150000000000000000e+02,2.239474469991042938e+00,1.000000000000000000e+00
1.281000000000000000e+03,5.260000000000000000e+02,1.483216237314598063e+00,1.000000000000000000e+00
1.339000000000000000e+03,5.140000000000000000e+02,1.867064973861090271e+00,1.000000000000000000e+00
1.250000000000000000e+03,5.200000000000000000e+02,1.359999999999999876e+00,1.000000000000000000e+00
1.192000000000000000e+03,5.360000000000000000e+02,2.181208053691275239e+00,1.000000000000000000e+00
1.301000000000000000e+03,5.390000000000000000e+02,1.691006917755572658e+00,1.000000000000000000e+00
1.335600000000000136e+03,5.320000000000000000e+02,2.171308775082359865e+00,1.000000000000000000e+00
1.342799999999999500e+03,5.370000000000000000e+02,1.787310098302056005e+00,1.000000000000000000e+00
1.343399999999999181e+03,5.270000000000000000e+02,1.414321869882388949e+00,1.000000000000000000e+00
1.402999999999999545e+03,5.300000000000000000e+02,1.140413399857448828e+00,1.000000000000000000e+00
1.280599999999999454e+03,5.000000000000000000e+02,1.483679525222552531e+00,1.000000000000000000e+00
1.278999999999999318e+03,5.120000000000000000e+02,1.720093823299453595e+00,1.000000000000000000e+00
1.230000000000000000e+03,5.160000000000000000e+02,1.626016260162601812e+00,1.000000000000000000e+00
1.295599999999999454e+03,5.150000000000000000e+02,1.466502006792220536e+00,1.000000000000000000e+00
1.331599999999999454e+03,5.320000000000000000e+02,2.102733553619706264e+00,1.000000000000000000e+00
1.343999999999999545e+03,5.400000000000000000e+02,2.008928571428572063e+00,1.000000000000000000e+00
1.287999999999999545e+03,5.170000000000000000e+02,2.018633540372671398e+00,1.000000000000000000e+00
1.202000000000000000e+03,4.980000000000000000e+02,2.163061564059900466e+00,1.000000000000000000e+00
1.344599999999999909e+03,5.180000000000000000e+02,2.008032128514056325e+00,1.000000000000000000e+00
1.259000000000000000e+03,5.060000000000000000e+02,1.906274821286735754e+00,1.000000000000000000e+00
1.323399999999999181e+03,5.310000000000000000e+02,1.586821822578208696e+00,1.000000000000000000e+00
1.270799999999999500e+03,5.180000000000000000e+02,2.990242367012906577e+00,1.000000000000000000e+00
1.325399999999999181e+03,5.180000000000000000e+02,1.282631658367286098e+00,1.000000000000000000e+00
1.320000000000000000e+03,5.450000000000000000e+02,2.045454545454545414e+00,1.000000000000000000e+00
1.357399999999999409e+03,5.220000000000000000e+02,2.210107558567851349e+00,1.000000000000000000e+00
1.336199999999999818e+03,5.060000000000000000e+02,1.347103726986978112e+00,1.000000000000000000e+00
1.302000000000000000e+03,5.150000000000000000e+02,1.766513056835637308e+00,1.000000000000000000e+00
1.329000000000000000e+03,5.230000000000000000e+02,2.182091798344619971e+00,1.000000000000000000e+00
1.320399999999999636e+03,5.150000000000000000e+02,1.817631020902757299e+00,1.000000000000000000e+00
1.333999999999999318e+03,5.200000000000000000e+02,1.499250374812594488e+00,1.000000000000000000e+00
1.370399999999999636e+03,5.110000000000000000e+02,1.313485113835376916e+00,1.000000000000000000e+00
1.321799999999999500e+03,5.180000000000000000e+02,1.513088213042820929e+00,1.000000000000000000e+00
1.204000000000000000e+03,5.290000000000000000e+02,2.159468438538205692e+00,1.000000000000000000e+00
1.289599999999999682e+03,5.340000000000000000e+02,1.705955334987593552e+00,1.000000000000000000e+00
1.229000000000000000e+03,5.230000000000000000e+02,2.034174125305125980e+00,1.000000000000000000e+00
1.297999999999999318e+03,5.340000000000000000e+02,1.771956856702620264e+00,1.000000000000000000e+00
1.213000000000000000e+03,5.380000000000000000e+02,1.236603462489694882e+00,1.000000000000000000e+00
1.289999999999999545e+03,5.300000000000000000e+02,1.860465116279070408e+00,1.000000000000000000e+00
1.233000000000000000e+03,5.180000000000000000e+02,2.514193025141929994e+00,1.000000000000000000e+00
1.396999999999999318e+03,5.300000000000000000e+02,1.789549033643522691e+00,1.000000000000000000e+00
1.283000000000000000e+03,5.170000000000000000e+02,1.870615744349181764e+00,1.000000000000000000e+00
1.238000000000000000e+03,5.220000000000000000e+02,1.534733441033925727e+00,1.000000000000000000e+00
1.394199999999999363e+03,5.520000000000000000e+02,1.864868741930857166e+00,1.000000000000000000e+00
1.267000000000000000e+03,5.340000000000000000e+02,1.736385161799526511e+00,1.000000000000000000e+00
1.338399999999999409e+03,5.240000000000000000e+02,1.643753735803945792e+00,1.000000000000000000e+00
1.383399999999999636e+03,5.390000000000000000e+02,1.807141824490386295e+00,1.000000000000000000e+00
1.301799999999999955e+03,5.230000000000000000e+02,1.536334306345060741e+00,1.000000000000000000e+00
1.265000000000000000e+03,5.220000000000000000e+02,2.371541501976284216e+00,1.000000000000000000e+00
1.277000000000000000e+03,5.390000000000000000e+02,2.505873140172278912e+00,1.000000000000000000e+00
1.229000000000000000e+03,5.130000000000000000e+02,1.464605370219690839e+00,1.000000000000000000e+00
1.269999999999999545e+03,4.980000000000000000e+02,1.732283464566929831e+00,1.000000000000000000e+00
1.284599999999999454e+03,5.100000000000000000e+02,1.946131091390316703e+00,1.000000000000000000e+00
1.315399999999999409e+03,5.160000000000000000e+02,1.748517561198115633e+00,1.000000000000000000e+00
1.328199999999999818e+03,5.450000000000000000e+02,2.183406113537118109e+00,1.000000000000000000e+00
1.293000000000000000e+03,5.290000000000000000e+02,1.778808971384377546e+00,1.000000000000000000e+00
1.254000000000000000e+03,4.910000000000000000e+02,2.232854864433811759e+00,1.000000000000000000e+00
1.224000000000000000e+03,5.160000000000000000e+02,1.633986928104575354e+00,1.000000000000000000e+00
1.281000000000000000e+03,5.310000000000000000e+02,2.029664324746291992e+00,1.000000000000000000e+00
1.303000000000000000e+03,5.180000000000000000e+02,1.841903300076745964e+00,1.000000000000000000e+00
1.282000000000000000e+03,5.190000000000000000e+02,1.716068642745709916e+00,1.000000000000000000e+00
1.273000000000000000e+03,5.220000000000000000e+02,1.963864886095836537e+00,1.000000000000000000e+00
1.281000000000000000e+03,5.190000000000000000e+02,1.873536299765808044e+00,1.000000000000000000e+00
1.215599999999999909e+03,5.030000000000000000e+02,2.467917077986179653e+00,1.000000000000000000e+00
1.318999999999999773e+03,5.150000000000000000e+02,2.198635329795299853e+00,1.000000000000000000e+00
1.380199999999999818e+03,5.210000000000000000e+02,2.101144761628749524e+00,1.000000000000000000e+00
1.257000000000000000e+03,5.060000000000000000e+02,1.591089896579156893e+00,1.000000000000000000e+00
1.279000000000000000e+03,5.240000000000000000e+02,2.032838154808444209e+00,1.000000000000000000e+00
1.260000000000000000e+03,5.270000000000000000e+02,1.269841269841269771e+00,1.000000000000000000e+00
1.311000000000000000e+03,5.450000000000000000e+02,1.906941266209000840e+00,1.000000000000000000e+00
1.298799999999999727e+03,5.270000000000000000e+02,2.078842008007391939e+00,1.000000000000000000e+00
1.330999999999999773e+03,5.270000000000000000e+02,1.502629601803155968e+00,1.000000000000000000e+00
1.288000000000000000e+03,5.160000000000000000e+02,2.406832298136646120e+00,1.000000000000000000e+00
1.364000000000000000e+03,5.510000000000000000e+02,1.392961876832844448e+00,1.000000000000000000e+00
1.350000000000000000e+03,5.330000000000000000e+02,2.074074074074073959e+00,1.000000000000000000e+00
1.255000000000000000e+03,5.170000000000000000e+02,2.151394422310757282e+00,1.000000000000000000e+00
1.360799999999999500e+03,5.530000000000000000e+02,2.645502645502646466e+00,1.000000000000000000e+00
1.350799999999999727e+03,5.220000000000000000e+02,2.146875925377554672e+00,1.000000000000000000e+00
1.399799999999999500e+03,5.480000000000000000e+02,1.714530647235320115e+00,1.000000000000000000e+00
1.313999999999999773e+03,5.250000000000000000e+02,1.598173515981735404e+00,1.000000000000000000e+00
1.317599999999999682e+03,5.420000000000000000e+02,1.593806921675774646e+00,1.000000000000000000e+00
1.328799999999999727e+03,5.210000000000000000e+02,9.783263094521374992e-01,1.000000000000000000e+00
1.362599999999998772e+03,5.190000000000000000e+02,1.541171290180538556e+00,1.000000000000000000e+00
